"Idade","Tempo"
22,50.5
57,57.5
56,58.2
20,54.5
28,62.7
33,64.5
63,57
18,26.6
67,39.3
23,52.3
26,64.9
72,40.6
35,64.5
29,62.8
18,28.1
36,64.1
36,63.9
68,36.9
23,54.1
22,55.4
67,35.8
18,25.2
62,57.5
17,26.2
36,64
74,40
23,53.5
35,64.3
60,57.7
73,37.2
29,62.9
41,66
42,65.5
50,64.5
18,24.7
34,63.6
30,61.5
58,57.5
16,28.8
68,36.6
47,65.3
27,65.2
61,54.1
27,63
54,65.6
40,60.6
74,39.7
37,64.3
67,38.8
27,61.3
44,63.6
46,63.9
30,65.4
34,62.8
35,67
35,64.1
73,42.4
52,65.8
22,51.5
30,64.5
39,65.7
48,64.4
43,65.6
16,24.1
21,54
23,56.7
26,65.4
60,61
63,59.2
32,63.6
59,58.3
40,62.5
64,59.6
60,61.7
55,57.6
64,57.6
58,60.7
19,25.4
57,60
24,49.6
60,57.8
56,54.8
58,57.5
26,63.1
69,39.6
21,53
22,51.2
56,61.5
29,62.8
31,65.7
58,59.8
41,64.4
56,58
41,64.8
47,61.7
60,58.5
58,58.3
16,23.8
52,63.8
55,58.5
16,25.3
16,26
52,65.3
35,64.3
22,53.5
55,60
38,64.5
35,64
70,39.8
16,25.8
63,58.7
73,39.6
24,53.4
40,66.3
60,60.6
33,64.3
21,53.8
64,58.2
21,54.6
69,39.5
28,61
20,52.1
19,24.7
22,51.8
60,57.5
21,52.5
21,54.9
70,37.5
25,64.4
55,57.4
44,63.3
17,24
74,39.3
21,54.7
24,51
68,39.7
56,59.5
74,39.3
16,24.9
33,63.5
33,67.8
29,64.8
23,49.5
29,61.5
55,56.3
44,61.4
69,39.6
35,63.4
73,38.7
16,23.6
53,64.5
34,65
62,59.4
68,39.6
39,62.9
61,57.8
23,50.6
42,66.1
61,60.5
67,39.5
73,37.5
54,65.5
18,26
52,62.9
23,50.1
63,57.6
45,62.4
43,63.2
22,52.1
23,53.2
19,26
67,40.2
55,55.1
56,55.5
18,24.5
29,65.6
25,65.5
65,37.7
42,65.4
45,64
23,54.3
22,50.7
68,38.7
31,65.8
35,62.6
40,63.4
72,38.3
61,58.5
54,64
20,54.5
59,58.4
43,63.6
70,37.6
26,61.4
45,63.2
69,41.1
70,37.6
43,62.8
47,65.6
18,26.7
23,52.6
64,56
45,61.3
67,40.4
22,49.6
38,64.6
51,64.3
44,63.6
38,65.5
55,55.1
50,60.8
29,63.5
21,52.3
28,63.2
42,62.8
23,53.4
37,64.5
57,60.9
32,61.7
24,50.4
19,24.6
67,36.8
63,57.5
30,62
32,63.8
65,39
70,40.2
52,63.5
41,64.1
36,63.8
20,54.5
34,63
18,25.3
56,56.3
59,58.7
62,58.8
24,51.1
55,57.1
15,25
73,39.2
44,65.4
29,63.9
22,50.3
59,60.9
20,51
53,62.8
19,25.8
17,26.3
22,50.4
36,61.4
73,40
17,25.5
23,48.7
36,63.5
49,64.6
48,65
64,60.1
50,62.7
35,60.7
27,63.3
65,40.5
47,63.3
73,36.9
65,37.4
59,56.2
28,64.5
22,51.4
41,66.4
61,56.9
71,38.7
67,40.5
50,64.2
74,39.7
22,50.1
59,60.6
21,53.7
74,38.1
16,21.9
22,52.9
33,62.6
56,58.8
20,52.7
53,63.1
21,51.8
59,58.9
21,53.2
69,37.5
63,58.5
60,57.9
23,53.1
22,54.4
57,56.4
46,64.6
24,53.2
22,52.3
58,55.6
28,65.3
61,59.5
18,23.7
16,23.7
37,62.7
19,26.7
23,53.5
61,57.9
28,60.4
28,64
69,37.9
17,24.6
28,65.9
24,52.1
60,57.8
60,57.7
39,62.8
58,57.9
37,63.7
26,62.1
45,61.2
20,52.3
21,52.5
50,64.1
49,66.1
69,41.4
59,59.2
72,39.7
23,50
66,40.1
16,25.1
59,60.8
62,55.9
61,59.9
60,57.4
24,53.7
22,48.9
30,62.6
23,50
72,38.4
18,25.2
38,63.9
45,65.6
17,27.5
54,67.7
56,57.7
21,52.8
19,24.3
24,54.6
16,25.4
32,63.5
16,24.7
17,22.6
64,59
23,53
56,56.1
32,62.5
69,36.8
21,55.3
58,59.9
46,64.6
57,59.8
22,51.6
59,58.7
57,58
21,53.9
18,23.3
38,63.3
18,24.5
37,64.3
17,21.6
56,58
39,63.6
18,24.7
24,51
24,51
72,40.3
16,26.4
67,38.4
50,61.2
18,23.9
22,50.9
55,61.3
34,64.2
43,64
15,21.7
36,66.8
24,53.1
26,66.2
54,64.3
16,27.3
52,66.2
18,26.4
21,51.1
24,49.4
58,56
53,62.8
33,62.7
28,65.5
55,58.1
64,55.9
63,56.9
16,22.7
22,53.2
42,63.8
22,53.8
73,38.1
46,64.3
45,63.5
62,56.6
51,63.9
37,60.6
17,26
55,55.6
43,66.1
66,38.7
58,61.8
57,59.4
62,62.9
46,64.7
71,38.2
35,64.6
17,23
18,23.6
67,38.6
30,65
66,37.9
26,63.2
69,40.3
66,39
22,52.5
43,65.8
41,63.5
66,36.9
61,59.3
18,23.6
53,62.5
16,27.6
45,64.5
22,50
66,39.5
69,41.5
32,65
54,63.1
38,61
33,64
20,51.1
53,62.9
23,52.9
38,65.5
21,53
27,63.9
15,22.9
48,64.7
22,51.1
19,23.8
34,62
45,64.8
21,51.4
21,52.2
56,58.6
59,57.1
33,64.1
58,56.1
43,66.6
43,62.9
61,58.9
65,38
40,63.3
62,54.3
67,41.9
30,64.8
20,52.1
22,51.6
15,23.4
26,65.1
32,64.7
22,49.8
21,50.3
70,37
59,58.6
68,39.7
29,63.6
57,60.2
59,58.6
31,64.3
43,65.2
74,40.5
20,51.6
23,50.3
58,59.9
17,26.9
33,64.2
34,63.6
42,62.7
52,65
49,65.1
66,38.9
47,64.6
17,23.2
59,58.1
26,63
26,63.2
19,24.5
24,50.5
18,24.8
62,59.1
23,53.3
16,26.3
54,62.5
69,38.6
56,56.1
31,61.2
55,60.8
22,49.1
27,62.5
40,63.1
57,60.5
50,62.3
56,57.3
39,62.8
28,62.6
72,37.9
22,51.6
53,62.8
57,54.8
23,51.7
60,59.8
48,66.7
40,65.8
71,36.5
54,63.5
17,23.8
56,60.6
49,62.4
63,57.4
22,51.4
30,64.3
63,58.8
48,64.8
59,59.5
17,25.6
62,59.5
35,64.6
23,52.1
23,49.3
26,64.9
63,60.5
59,58
51,63.3
24,52.5
37,61.8
22,54.3
73,39.5
39,61.8
72,38.8
63,59.1
18,26.5
60,59.1
21,53.5
19,27.7
44,63.6
56,61.1
33,63.4
33,64.1
42,63.4
21,52.3
69,39
22,52.9
67,41.8
66,39
21,50.6
52,62.5
22,52.8
69,38.8
57,60.2
16,25.6
23,54.2
47,62.8
40,64.9
60,56.8
49,65.3
55,55.9
58,56.7
17,25.4
43,66
57,57.3
66,39.7
63,56.8
21,52.7
59,58.2
17,26.4
16,23.3
23,50.8
28,66.9
59,57.6
20,56.8
20,51.8
59,56.9
25,61.7
33,65.4
49,63.9
20,48.9
26,62.7
60,58.3
27,62.6
17,24.9
63,54.6
56,59.9
49,66.6
65,41.7
61,55
16,26
20,52.5
68,39.9
60,61.1
15,21.8
18,26.1
51,65
62,58.2
71,38.3
18,22
53,64
60,57.1
57,59.4
58,59.5
74,38.6
22,51.6
44,65.3
60,58.8
56,55.7
49,63.1
73,39.5
22,50.8
57,56.6
59,56.8
56,59
23,49.6
20,50.7
44,65.4
34,66.2
68,39.5
60,56.7
27,63.3
73,41.3
22,52.8
34,64.3
16,24.2
37,63.9
20,52
48,62.3
60,57.6
22,49.8
35,64.8
55,56.2
44,63.7
29,64.8
21,52.4
36,63.8
23,51.8
24,51.7
21,52.6
42,63.9
51,66.7
21,53.9
32,63
59,58.9
68,37.6
48,62.7
64,56
21,52.8
21,51
25,64.2
24,51.3
59,59.2
63,59.5
23,53.4
34,65.4
60,58.2
24,49.6
26,63.9
37,66.1
45,64.3
73,36.4
18,24.8
31,64.4
46,62.2
17,26.4
40,65.1
16,22.3
22,53.2
23,51.1
56,58.2
23,53.4
18,24.4
56,56.4
24,50.3
19,24.1
23,51.2
23,53.3
63,61.5
64,59.2
27,64.4
20,53.3
61,60.2
22,51.3
63,56.4
27,65.5
40,64.7
62,59
34,64
21,51.7
39,64.8
73,39.5
63,58.2
44,63.1
63,60.6
62,56.8
21,51.6
71,37.2
37,66.5
36,64.7
72,38.8
66,38.5
22,51.1
52,65.1
57,57.2
23,51.1
17,24.6
15,22.9
30,66.7
23,52.1
21,54.6
58,56.1
28,63
47,63.5
23,49.8
20,53.6
15,23.1
47,63.6
43,63.9
60,57.5
59,56.8
22,54.9
37,62.6
31,64.4
29,63
23,51.9
49,65.9
64,56.3
56,56.4
26,63.6
70,37.1
56,56.5
72,39.1
21,53.4
43,64.2
69,37.6
42,62.8
44,65
30,64.9
18,23.4
18,26.1
55,58.6
60,58
22,50.3
57,58.9
55,61
63,56.7
18,26.6
22,51.8
21,51.8
48,65
38,65.1
24,52.2
56,55.7
39,62.8
21,53.5
20,53.6
50,64.9
22,50.7
44,65.7
20,50.9
35,64.7
56,59.7
20,52.6
60,59.2
43,64.6
47,64.5
22,50.5
32,64.1
30,66.8
18,24.4
31,63.8
63,58.8
17,25.7
53,62.8
21,54.7
72,38.9
19,25.7
15,24.3
44,63.2
20,50.8
48,63
37,63.2
24,51.9
69,40.4
43,66.8
17,26.6
19,24.9
23,51.4
49,63.8
19,25.4
70,39.1
16,24.9
23,53.6
63,58.5
23,53.2
59,58.1
67,38
60,59.7
21,52.1
73,39
23,53
21,52.9
23,52.9
56,57.7
56,58.9
18,24.5
22,52
70,36.1
61,61.7
19,22.9
33,65.1
22,53.8
22,54.9
21,50.2
16,23.4
52,64.4
42,64.4
55,56.7
24,51.9
22,50.7
62,57.6
63,57
52,64.4
20,52.7
21,53.2
23,54.6
74,37.6
60,60.3
66,42
18,24.4
23,51.2
63,60
30,67.2
16,24.9
70,38.7
22,50.7
63,57.9
24,51.7
71,39.7
27,63.8
37,64.9
60,58.1
36,65.4
71,37.5
22,51.9
63,56.5
56,56.5
56,57.2
55,55.4
21,51.6
60,59.2
53,62.6
36,62.6
19,22.1
47,63.8
63,59.3
16,24.2
45,64.9
38,63.9
56,56.4
72,36.3
68,38.5
57,57.2
34,63
57,59.7
24,55
30,63.8
22,50.4
59,55.1
29,62.9
34,65.3
50,64.1
37,60.3
35,64.3
63,59.8
21,49.6
22,47.3
39,61.9
66,36.6
53,64.4
50,64.1
66,40.1
67,37.3
23,50.4
24,51.8
24,51.9
21,53.9
19,26.4
31,62.2
58,58.7
46,63.2
58,56.7
61,56.6
60,58.9
23,53.5
62,57.8
53,63
44,64.8
58,57.3
23,55
51,62.5
60,57
29,64.8
36,62.6
22,52.9
18,25.8
17,25.4
21,53
28,62.6
30,64.4
60,60
60,56.8
24,51.2
61,59
42,62.8
49,61.7
21,52.2
21,51.7
61,57
45,64.1
16,24.2
16,24.7
44,64.7
19,25.1
68,39.3
64,54.3
17,26.7
59,57.7
30,61.8
18,22.6
23,52.6
67,38.1
54,63.1
23,53.3
66,41.3
66,39.3
66,39.6
58,56.5
41,63.8
33,64.8
29,58.4
35,64.7
71,34.5
45,65.3
43,65.9
66,37.2
56,55.3
23,51
72,37.2
62,58.2
64,60.4
63,59.5
32,64.2
59,62.4
23,51.3
17,25.2
17,22.9
39,65.8
67,39.9
72,38.7
46,63.2
27,65
42,61
62,58.2
65,39.7
72,39.2
27,65.2
21,51.2
62,58
39,62.9
68,38.2
45,63.7
23,51
21,50.9
31,63.6
62,57.8
62,57.7
65,39.4
64,59
22,53.8
49,64.5
58,55
19,23.6
50,66
20,48.7
56,58.3
36,65.4
64,57.8
22,51.9
22,50
56,58.7
67,38.6
47,66.3
33,61.7
68,38.3
36,61.7
17,24.4
41,62.8
20,52.5
62,56.8
62,57.6
43,68.1
69,39.4
66,37.2
49,64.6
24,53.4
64,57.9
46,65.3
45,61.9
18,27
15,23.4
15,23.3
23,54.8
20,52.6
59,58.3
60,59.9
18,24.1
36,67.9
65,37.8
56,56.7
16,23.5
70,38.7
46,65.3
61,59.2
63,59.9
64,56
61,59.9
26,66.3
43,66.4
35,65.4
53,64.3
72,38.7
23,49.1
69,37.7
26,59
61,57.7
67,39.4
62,58.7
20,51.5
56,59.7
45,64.6
15,25.9
56,54.9
25,64.9
18,27.5
59,58
62,58.2
46,64.3
56,55.9
63,60.1
16,24.3
22,51.9
24,50.3
64,55.9
56,57.8
50,64.3
32,65.9
31,61.6
33,62.7
72,41.8
60,60.3
15,26.7
27,62.8
37,66.5
49,63.6
18,25
74,41
47,60.1
53,66.3
22,53.6
71,39.5
56,54.8
36,64.2
60,55.5
22,51.9
57,55.9
70,39.7
63,58.3
51,62.8
63,55.8
69,39.2
70,36.2
24,51.9
17,22.4
17,25.5
46,65.4
18,23.5
58,57.7
71,39.8
31,62.6
44,63.4
66,38.2
21,51.2
24,53.7
25,65.4
60,60.2
69,38.4
63,56.9
21,51
63,59.2
28,61.7
18,26.3
21,54.2
48,63.7
60,56.4
33,62.8
71,40.4
42,61.3
71,37.3
17,25.1
37,63.8
59,58.1
45,66.1
61,58.6
48,63.1
32,65.2
18,24.2
42,62
17,25
21,52.3
23,52.7
27,64.6
35,63
26,62.3
57,54
31,65.2
47,62.3
35,64.5
20,52.9
40,63.7
24,52.7
44,62.7
24,53.3
21,50.8
21,52.1
20,51.9
23,54.5
24,50.6
57,59.4
22,48.7
68,36.5
66,39.1
71,36.4
65,38.3
18,25.1
61,59.6
29,63.7
23,49.8
22,51.3
22,50.8
17,25.7
23,49.9
62,55.6
22,51.6
27,65.3
30,64.4
32,62.3
72,37
45,65.9
57,57.1
23,53.5
30,64.8
48,63.4
23,51.6
55,58.2
40,65.7
17,25.4
58,57.8
28,64
17,25.5
23,48.8
55,56.8
62,57.2
16,22.9
22,50.7
29,64.9
27,62.7
34,63.6
61,57.5
18,25.2
59,58.5
69,38.9
42,64.7
47,64.6
60,58.3
18,24.2
21,53.1
28,62.9
62,58.3
53,64.1
30,62.5
48,63.1
22,53.9
24,52.9
51,63.6
70,39
24,52.1
73,38.9
23,52
22,51.9
19,24.4
19,22.9
19,28.1
16,24.4
47,63.7
57,56.4
62,58.1
39,64.9
58,56.2
20,54
59,58.3
23,53.7
72,37.5
21,52.8
71,38.3
48,64.9
16,24.3
21,51.6
73,38.7
59,57.4
20,52.7
26,60.8
53,64.4
58,58.3
48,64.8
23,53
44,66.2
73,39
24,51.3
68,38.7
73,37.3
20,49.7
21,50.1
62,58.7
58,57.3
60,56.4
40,65.8
50,63.4
47,65.6
22,52.7
21,48.6
29,63.1
41,64.8
20,50.5
22,54.2
21,51.7
21,51.5
22,50.2
49,65.5
60,58.8
28,65.4
16,23.8
72,39.5
32,65.2
45,64.4
32,64.3
35,65.8
48,64.5
23,51.9
29,63.2
23,52.3
66,36.5
48,63.2
51,61.8
66,40.3
50,60.4
41,65
24,52.7
49,63.4
59,56.9
58,58.4
29,62.8
64,57.9
50,63.7
16,25.5
22,50.7
22,51.6
21,54
19,24.3
20,53.6
29,63.3
22,51.8
52,61.8
44,63.5
63,60.3
21,55.3
55,57.2
64,59.4
68,37.9
66,38.3
58,57.4
55,58.2
52,64.1
40,64
18,25.9
37,65
23,52.4
71,39.2
64,58.1
71,39.3
49,66
64,57.9
21,52
67,40.3
28,61.9
55,59.3
59,58.7
48,66.7
18,22.1
52,64.5
24,51.2
17,24.2
59,58
21,52.3
64,58.6
59,57.5
47,63
71,36.6
17,23.7
15,24.3
40,69.1
44,65.6
67,40.5
23,52.9
60,59.4
15,25.1
18,29.1
44,64.8
26,66.4
60,54.8
30,64.1
21,51.1
67,40.5
21,52.7
59,58.5
42,61.4
23,51.3
23,53.6
34,64.6
48,64.3
23,51.5
34,64.5
49,63.8
26,66.6
36,64.6
64,58.9
43,64.5
71,39.6
34,60.9
18,23.5
23,52.2
73,40.1
22,52.9
56,57.7
22,53.8
69,39.1
22,51.5
20,49.7
50,64.4
40,63.5
15,25.8
56,56.3
66,38.1
57,61.2
27,63.9
30,61.9
59,59
18,23.1
15,26.3
21,54.7
18,26.5
22,53.1
56,58
23,51.3
29,59.4
38,64.2
28,65.6
50,64.3
38,62.7
40,64.2
21,52.8
58,57.4
49,65.4
60,58.6
18,25.1
46,64.4
18,23.5
66,36.9
55,57.3
57,59.2
43,64.1
28,63.5
71,36.1
61,58.3
26,63.9
57,57.9
38,60.7
53,64.8
45,64.8
33,63.8
62,58.9
59,58.5
19,22.4
17,23.9
58,58.8
50,64.8
57,56.6
59,57.6
38,64.4
63,57.7
29,62.2
15,23.5
17,23.6
39,60.8
24,51.6
51,63.2
21,51.3
36,64.9
16,24.4
22,51.5
52,65.9
17,26.7
60,56.8
21,53.2
71,39.2
37,64.4
57,58.8
22,49.3
38,61.5
60,58.8
48,65.4
70,39.7
25,61.3
22,52.3
43,63
32,65.7
22,52.7
56,57.9
33,61.3
44,66.4
21,50.7
30,63.6
20,50.1
22,52.6
40,62.6
40,64.3
59,56.7
73,40.1
72,37.3
58,56
62,59.5
47,63.8
18,28.2
34,64.9
45,64.6
53,65.4
46,66.2
46,66.5
44,63.1
73,39.3
29,61.7
59,56.5
61,61.6
23,52.3
17,26
17,25.3
64,57
29,67.2
59,57.2
22,50.3
41,64.4
30,62.9
20,50.8
24,49.8
70,37.6
36,65.3
64,58.4
15,26.9
21,51
23,54
15,21.9
23,50.8
69,36.8
44,67.7
20,52
40,68.3
68,37.6
30,59.9
69,40.7
56,58.6
22,53.5
29,64.1
68,36.2
41,64.1
19,23.3
67,41.2
49,68.1
48,64.7
35,66.2
63,55.9
44,62
23,52.4
51,65.1
25,65.2
37,63.3
22,51.7
52,67.3
19,25.2
25,63.6
64,59.5
61,56.8
22,52.3
21,50.8
66,39.7
59,56.7
38,65
29,65.4
22,52.4
17,24.9
38,61.4
23,50.1
20,52.5
35,64.8
68,40.4
32,66.3
63,59.7
24,52.8
24,53.8
63,55.9
49,63.8
16,25.6
21,51.2
47,61.3
22,50.9
23,51.2
58,58.9
37,62.7
20,53.6
66,35.5
60,61.3
49,66.7
15,25.2
22,53.3
66,39.3
36,62.3
17,23.7
68,39
30,64.8
59,54.6
33,64.2
20,52.1
57,61.1
40,67
24,53
73,38.2
30,62.5
63,56
47,62.2
51,62.3
45,64.3
48,62.2
59,56.4
58,56.3
44,61.3
23,54.1
17,23.1
70,39.5
59,59.6
56,57.8
17,25.9
28,65.2
16,26.1
73,37.5
63,58.4
73,36.9
61,58.9
72,41
22,52.2
24,54.2
27,65.8
20,52.8
36,62.5
53,64.4
41,61.8
21,50.3
58,57.6
33,66.1
47,64
52,64.6
42,63.9
72,41
58,58.5
21,51.3
58,58.1
59,56.5
23,50.7
53,62.5
55,61
21,50
29,65.6
48,67.2
60,56.8
23,52.3
16,25.2
56,57.2
72,39.3
37,64.8
56,55.1
57,59
22,55
47,62.2
28,65.2
17,27
38,64.8
23,54
62,58.3
32,62.9
59,56.9
16,24.2
53,66.2
60,58.3
66,41
15,24.3
54,63.5
23,52.8
68,40.5
18,24.9
69,37.6
16,26
50,64.5
56,59.2
25,64.2
21,53.1
53,63.7
40,63.8
73,41.7
48,62.2
37,65.9
19,24.4
45,61
65,39.2
57,58.2
21,53.5
46,62.8
38,62.5
20,53.4
21,53.3
22,52.4
60,55.8
17,22
23,50.4
17,25.8
70,38.7
17,24.7
25,63.2
58,58.4
18,26.4
32,64.9
23,52.9
22,48.4
21,51.3
16,25.6
22,51.5
31,62.7
46,61.7
22,48
23,51.2
71,38.2
27,62.3
74,38.3
22,53
17,24.7
58,59.9
61,54.2
21,52.7
23,53.1
15,24
17,24.3
44,63.2
59,57.3
62,58
57,55.2
38,62.2
33,65.8
30,63.3
50,63.4
63,59.1
24,52.4
17,24.8
25,62.3
38,64.8
24,53.9
73,38.6
61,56.1
57,57.4
21,51.3
24,49.5
41,67.6
23,54.5
36,65.4
67,40.2
52,60.7
42,63.7
50,65
59,56.6
21,53
16,22.5
71,40.9
63,58.8
62,55.7
17,24
58,55.6
70,40.4
39,64.8
34,64.2
56,58.3
71,39
26,66.8
29,67.5
23,52.3
20,52
66,35.6
62,57.8
62,57.3
58,56.1
17,25.6
67,40.3
72,35.6
54,63
59,60.4
57,60.3
61,58.1
60,57.6
30,62.3
17,25.2
22,51.8
60,55.7
54,64.4
57,56.6
46,65.3
66,39
32,63.6
57,57.3
21,51.6
58,57
74,37.6
27,61.6
58,58.1
32,65.6
41,65.8
17,24.7
23,51.8
56,57.8
23,51.9
21,52.8
51,63.2
51,64.2
56,58.1
24,54.1
19,24.5
20,52.6
22,53.1
16,25.5
74,40.5
58,58
21,56.3
54,65.6
71,37.7
18,26
39,65
21,51.1
22,55.5
45,63.3
16,26.1
68,40.4
45,63.4
16,26.1
61,58.9
24,50
42,66.7
36,65.7
60,55.8
15,26
22,51.9
16,24.3
60,57.9
38,62.2
56,59.1
47,63.1
61,60.7
69,40.8
65,38.9
23,51.8
30,62.7
64,56.9
21,51.6
41,60.2
47,61.7
23,51.6
22,53.7
62,60.1
32,62.2
71,37.9
39,65.1
65,37.2
66,38.4
58,60.1
69,39
43,61.9
41,61.7
29,67.4
25,64.2
61,58.7
67,39.1
63,55.9
16,25.4
31,63.7
58,58.8
45,64.2
39,66.2
72,40.2
61,59
57,57.4
24,50.9
62,57.4
64,57.3
56,63.6
74,38.9
62,58
49,63.8
21,52
15,22.7
40,63.1
57,57.1
37,63.4
62,57.6
60,59.7
20,53.9
16,26
19,22.6
68,36.5
26,62
24,54.1
51,64.9
46,66.1
46,64.6
56,58.4
71,38.8
17,24.5
15,25.1
62,57.1
38,64
26,63.5
49,64.3
56,59.5
63,57.5
59,58.2
22,54.2
21,51.5
60,56.6
60,57.1
20,52.9
23,51.2
73,39.2
64,58.4
15,27.9
34,63.4
24,51.2
25,63.9
28,66.2
62,55.7
74,37.9
23,50.9
65,39.7
58,57.4
59,58.5
21,51.4
40,65.1
56,58.2
29,63
18,25.4
31,64.8
28,64.8
21,49.6
36,66
57,55.1
59,58.3
20,53.6
38,65.1
23,51.8
33,63.1
55,57.2
44,64
23,52.4
61,61.7
39,62.6
32,62.6
17,23
17,24.3
60,56.5
70,40.2
44,63.6
45,64
22,52.9
18,22
22,54.9
64,59.8
57,55.1
22,52.4
21,50.5
18,24.6
34,68.4
21,51
37,61.2
56,58.7
58,59.7
22,51.4
60,56.6
27,64.5
29,61.2
40,65.4
57,57.7
70,36.7
34,65
40,64.3
18,24.9
56,58.5
68,38.7
51,60
36,63.4
66,41.6
26,64.4
73,39.8
19,25.5
15,24.2
21,52.2
28,67
32,62.6
36,62.9
21,52.1
30,61.8
20,53.1
63,60.1
68,37.5
32,64.5
28,62.6
24,48.5
20,55.6
59,58.6
62,59.8
15,24.9
21,51.7
33,61.8
24,52.2
15,25.9
18,27.6
51,63.7
22,50.5
21,51
19,26.6
23,51.2
49,65.6
21,51.7
36,64.3
41,60.2
22,51
61,56.8
21,52.2
32,61.8
22,48.9
22,52.4
39,64.1
24,51.4
17,25.1
70,39.6
44,65.2
22,54.3
40,64.8
31,62.1
66,43.1
49,63.5
57,57.2
58,58.3
56,56.4
18,25.5
56,58.4
68,40.2
21,53.5
41,64.8
27,65.2
39,62.8
17,28.1
20,54.2
19,25.4
57,53.5
39,64.8
21,51.5
64,57.7
22,52.6
23,50.8
60,60.7
27,62.9
22,50.8
26,63.8
19,24.8
32,63.3
50,64.7
22,52.7
55,55.2
62,57.1
42,63.2
58,59.8
58,58.1
23,49.5
41,66.4
29,63.5
16,23.7
63,55.4
69,38.6
61,57.7
36,62.5
57,58.2
22,53
21,51
59,58.8
65,38.2
61,57.7
64,58.1
21,51.7
23,51.8
18,22.1
73,40.1
72,39.2
31,62.4
56,57.2
37,61.9
39,61.5
42,62.6
32,62.9
36,63.9
24,55.1
51,65.9
23,52.6
67,39.9
64,58.2
57,56.9
61,57.9
16,24.8
33,65.3
56,58.4
71,39.4
57,57.1
18,26.7
39,65.2
57,59.5
59,60.9
15,24.7
60,58.6
48,64.7
62,56.7
39,63
21,52.2
28,64.5
23,49.7
59,58.5
21,53.2
62,55.7
37,63.6
29,63
27,67.6
66,39.8
65,41.2
48,65.7
21,49.1
23,51.2
57,55.6
62,60.7
19,24
21,49.6
18,24.9
39,63.6
34,64.8
29,65.9
30,63
57,58
37,63.3
35,64.6
32,62.3
47,64.4
17,24.8
23,51
39,62.4
16,25.7
16,25.5
46,66.5
73,41.3
19,27.2
24,54.7
59,57.4
28,64.5
47,61.1
17,24.9
63,57.5
58,60.3
36,63.7
52,62.7
58,60.3
26,61.1
34,63.2
58,58.2
29,64.2
21,54
21,52.3
24,52.3
34,62.9
45,62.8
44,62.8
49,64.4
51,63.1
28,64.4
53,64.5
57,56.6
41,64.1
63,58
23,52.1
55,56.6
21,50.7
53,64.4
62,58.5
56,56.9
63,56.5
53,63.1
59,58.3
18,25.6
42,63.3
56,58.6
44,65.5
18,25.5
70,37.4
20,50.3
44,62.9
64,63
28,65
62,57.3
52,64.9
15,25.7
64,56.8
23,51
22,52.7
15,24.9
44,63.6
44,66.2
36,64.4
45,64.6
60,58.4
53,63.9
30,64
56,57
41,66.8
40,61
34,63.2
64,58
20,52.8
20,52.6
15,24.4
17,25.9
39,65.7
15,24.7
24,52
47,64.7
56,57.4
16,25.2
48,64
50,65.3
33,64.6
47,64.6
60,57.9
23,52.8
22,51.4
61,56.5
63,58.5
23,51.3
43,62.2
49,62
16,26.1
42,63.7
59,58.8
23,53.4
17,20.3
57,56
23,50.5
64,57.1
23,51.7
40,65.3
46,65.7
34,64.1
48,64.2
40,65.7
29,63.9
29,61.9
50,64.1
42,64.3
42,68.3
49,62
29,62.3
49,62.4
46,65.2
56,57.2
51,65.8
73,41.3
16,23.1
39,62.3
18,22.2
42,62.1
43,66
23,50.7
69,38
63,57.6
17,23.2
56,57.5
22,50.8
24,51.7
73,37.7
51,63.2
15,26.2
35,64.9
16,27.6
62,58.8
22,50
17,24.6
29,62.4
65,38.8
69,36.9
32,64.4
57,61.1
62,57.2
40,62.7
17,22.3
36,63.3
24,54.7
71,37.9
22,50.1
28,62.4
61,58.4
64,60
23,52.2
22,52.9
15,23.8
58,58.3
34,63.8
22,51.7
44,61.8
36,63.9
21,51.1
22,52.7
53,62
56,59.4
66,42.3
18,24.8
18,25.3
58,58.2
48,62.8
16,25.8
56,56.8
32,65.5
41,62.8
58,56.7
56,58.3
24,50.7
61,58.1
53,66.8
16,27.6
22,53.9
20,52.7
56,58.3
18,22.5
60,57.3
61,58.4
57,56
17,23.7
19,26.5
23,51.7
50,66.1
52,63.8
69,39.8
35,65
39,64.9
63,59.1
74,38.2
18,25.4
23,52.6
59,61
21,52.6
23,52.3
16,25.6
60,60.4
21,50.6
62,58.9
23,52.7
61,57.5
33,64.3
60,60.4
68,39.3
22,49.4
61,58
45,64.6
65,40.9
23,50.5
46,63.8
71,40.6
21,49.1
40,62.5
41,62.8
63,58.8
70,40.7
67,40.4
54,62.3
70,40.6
16,24.5
64,57.7
58,59.6
24,55.1
58,57.8
60,59.1
21,51.4
26,63.2
18,25.4
62,61.5
57,54.8
56,57.7
15,26
49,65.8
68,38.3
44,67.5
71,41.6
48,63.6
15,24.7
23,51.3
18,25.1
21,51.3
15,25.9
52,61
55,57
40,62.1
19,25.6
45,66.3
45,66.1
66,39.1
21,52.2
62,57
62,60.5
21,49.6
22,52
72,38
66,39.6
43,63
52,61.8
71,39.6
66,38.6
56,60.1
32,65.2
38,61.9
22,53.7
47,66.7
32,64.9
56,58.6
43,63.5
45,64.8
23,52.2
38,65.1
21,53.2
36,64.6
17,24.4
38,64.6
23,52
45,61.6
23,49.8
52,65.3
45,63.4
61,61.4
23,52
23,51.6
71,41.5
21,52.6
62,57.6
48,65.1
21,52.3
63,59.2
63,58.3
24,53.8
42,64.5
32,63.2
42,59.8
52,64.5
21,53.4
48,64
26,63.8
43,62.5
56,58
60,61.2
43,63.1
31,61
32,63.5
23,48.7
18,25.3
58,56.8
38,66.7
39,63.9
43,63.3
62,60.4
30,60.6
61,59.6
27,64.3
62,58.4
57,58.2
20,52.6
21,53
62,57.2
22,50.8
22,53.1
21,50.2
18,24.2
23,52.1
21,53.1
58,57.5
32,63.9
26,63
15,25.7
36,64
31,65.6
62,55.7
74,37.2
61,58
16,25.8
23,53
21,50.7
38,63.8
59,59
24,50.5
60,54.1
20,51.4
24,50.8
24,49.2
33,64.3
22,52.1
55,57.6
67,39
16,25.1
36,61
23,51.1
21,51.8
41,62.1
41,64.8
22,52.5
23,51.8
22,53.4
35,63.1
46,63.7
33,63.5
48,64.5
37,62.9
39,63.9
37,65.6
18,27.9
56,56.6
22,51.7
66,41.2
63,58.3
42,64.1
66,38.8
68,39.8
54,66.8
23,52.2
63,59.2
16,26.4
18,25
58,59.2
58,60.2
39,64.6
15,27.2
28,65
20,52.9
57,59.7
71,39.8
44,60.8
57,60.3
38,62.2
22,52.3
42,62.1
63,58.4
33,65.3
19,22.4
16,23.9
18,24.5
52,64.5
49,61.2
55,58.1
20,50.7
17,25.2
55,56.3
70,38
71,37.4
23,53.8
17,23.7
43,63.4
62,60.9
59,59.3
46,66
29,64.3
23,53.1
55,56.3
31,63.1
32,66
31,64.2
18,23.1
21,52.8
56,57.6
21,51.6
62,58.9
31,65.3
55,59.7
23,52.7
35,63.4
17,22.7
63,56.5
26,63.8
38,65
17,25.3
18,26.7
18,25.9
24,51.8
67,39.6
22,52
46,62.6
60,54.4
67,39.2
74,39.7
66,40
24,52.5
59,57.2
44,64.2
58,59.1
28,65.5
71,38
57,58.1
56,58.7
16,24
56,61.2
46,62.4
23,52.2
33,62.8
56,57.5
68,37.8
59,58.1
21,49.7
30,63
71,38.4
62,55.5
31,63.5
61,58.9
16,24.8
17,26.5
24,52
73,36.8
74,38.5
22,53.9
60,57.5
73,39.5
58,54.6
20,50.3
48,65.3
62,58.6
41,64.8
73,38.7
26,63.7
24,50.3
18,25.7
37,63.9
71,40.5
27,66.4
61,59.5
24,54
22,53.3
57,57.9
58,59.9
23,53.1
49,63.3
58,58.5
51,60.7
45,64
58,56.7
51,63.5
63,58.8
34,62.6
49,62.9
15,24.7
23,51.8
23,51.4
27,63.9
24,52.8
41,63.9
63,60.3
34,65.3
21,52
53,63.2
24,52.2
68,41.3
23,52.3
48,64.4
43,62.3
59,57.7
21,53.5
66,38.8
16,25.5
34,65.2
36,65
63,56.6
17,25.5
19,24.6
19,24.4
23,52.9
15,26.6
17,25
18,25
66,38.2
57,59.3
18,24
37,62.1
39,63.4
35,66.1
58,59.2
67,39
23,52.2
55,59.9
24,55.6
23,51.7
52,64.5
23,53.6
21,52.9
20,53.2
59,58.5
53,64.3
21,51.2
18,24.8
58,58.9
21,53.2
17,24.7
27,65.4
62,58.5
46,63.4
56,58.6
46,64.7
59,58.2
55,57.9
32,64.6
47,64.5
33,63.9
73,41.1
25,64.1
23,53.9
22,53.7
63,57.5
16,25.8
24,54
27,62.7
21,51.8
57,58.2
20,52.3
33,63.2
16,21.9
45,63.7
23,53.1
21,49.9
30,64.4
39,65.3
45,64.5
46,61.6
39,63.2
40,64
49,64.7
49,63.3
50,62.5
38,62
29,61.8
46,64.5
52,64.5
27,62.4
29,68.1
19,25.1
23,52.6
58,57.3
42,62.7
57,58.5
18,23
61,56.6
44,65
23,55.3
23,53.5
63,56.3
69,39.7
52,62.2
22,52
44,64
51,63.7
61,58.2
22,50.7
22,52.2
40,65.2
27,61.6
58,56.6
22,53.3
55,55.9
22,53
50,67.5
37,62.2
59,60.1
53,65.6
67,37.9
53,64
52,61.9
23,51.9
24,51.5
27,62.3
55,58.5
23,52.3
21,50.6
61,56.9
58,58.3
33,63.8
37,63.2
64,56.7
24,52.1
60,60
32,63.5
48,64.3
18,24.9
39,63
30,63
34,65.5
33,63.5
40,63.9
42,64
68,41.7
24,51.4
27,64.6
59,56.8
62,56
22,54.4
24,51.7
36,65.3
31,62.3
28,65.2
48,62.9
23,52.7
61,61
21,52.1
52,66.6
25,65.5
21,55
21,52.4
63,57.3
20,54.1
40,65.6
18,25.6
73,40.6
16,26.2
60,57.7
73,38.8
50,62.4
22,52.8
73,36.8
22,52
66,38.3
24,51.4
74,40.8
63,57.9
24,47.7
56,58.4
57,62.9
43,64.7
24,52.2
17,26.5
46,61.8
23,51
64,57.7
20,52.9
43,63.5
74,38.7
34,63.3
59,57.7
49,63.4
20,52.3
39,65.5
31,62.9
58,58.5
67,35.9
42,63.5
45,63.3
21,52.5
23,55.3
22,50.5
60,58.3
62,56.7
56,58.1
58,58.3
49,63.8
22,51
30,63.4
31,63.3
64,58.5
22,50.5
21,51.3
33,64.7
44,62.3
49,63.4
41,64.4
39,61.5
62,55.4
71,37.3
16,28
59,59.2
69,38.2
56,56.3
56,58.6
19,27.9
17,24.8
61,58.4
49,64.2
63,54.8
56,58
20,52.7
50,64.5
23,50
66,39.1
63,58.1
44,64.8
72,40.8
30,64.9
22,51
15,26.2
18,24.7
48,62.6
58,60.3
16,22.7
17,23.4
40,64.1
35,66
16,23.1
62,57.5
17,24.2
61,58.6
28,62.8
58,60.3
61,56.5
61,59.9
40,63
64,56.9
16,28.4
38,64.9
62,60.6
62,57.9
23,53.5
51,63.7
68,38.3
18,24.9
68,39.6
60,58.2
23,56.9
44,66.4
24,51.4
62,56.8
16,24.7
16,24.9
36,66.1
71,39.9
56,57.1
45,61.8
22,51.6
31,63
23,51.4
38,64.8
31,64.2
18,27.8
24,50.5
33,63.4
18,25.9
50,63.1
23,51.4
23,51.7
41,65
70,37.9
21,49.2
27,65.6
62,59.7
74,39.2
49,65.9
29,62.6
31,64.2
72,39.6
27,65.5
66,37.7
15,26.9
62,56.3
19,23
37,62.9
42,63.5
19,25.8
22,54.5
43,65.4
61,58.4
31,65.8
53,64.7
61,60.1
48,60.5
72,41.5
56,58.2
57,55.8
67,39.6
34,64.9
19,24.4
54,64
27,65.7
38,64.3
22,54.2
23,50.4
35,60.9
33,60.7
40,62.6
45,63
33,67.6
59,58.2
48,62.7
57,56.4
41,63.8
58,55.7
18,25.5
18,24.9
59,60.1
18,25.2
24,50.2
43,63.4
21,51.4
56,58.7
50,63.5
64,56.7
33,63
68,40.6
68,38.5
18,22.5
21,50.5
21,53
20,54.5
18,22.9
18,26.2
21,50.5
21,52.7
51,62.2
19,20.7
20,53.9
17,23.9
62,57.2
18,25.5
67,40.9
16,22.4
58,57.5
35,65.1
42,62.5
16,26.3
34,63.3
62,59.7
37,62.6
26,65.3
21,52.4
31,66.2
42,64
34,64
24,53
41,65.8
68,37.8
22,53.2
18,26.2
53,64.7
23,53
19,23.6
63,59.2
39,64.8
42,67.7
21,50.1
50,64.9
68,39.5
72,39.5
23,50.1
20,53.4
63,57.6
28,64.8
23,50.5
22,49.7
61,56.5
29,59.2
38,63.5
66,39.4
23,51.2
21,51.4
22,50.1
27,63.1
23,53.2
17,25.9
24,50.8
57,58.3
22,55
23,53.6
37,63.7
61,58.1
72,39.8
69,37.5
73,39
31,65.4
24,50.3
28,62.3
22,50.8
28,63.4
21,50.7
60,57.9
18,26.1
62,56.7
71,40.4
67,39
74,38.7
15,23
56,56.3
35,63.3
33,64.1
69,38.2
60,60.6
20,54.2
63,59.2
58,56.4
48,63.2
71,39.3
19,25.2
20,52.5
39,64.5
42,60.9
49,62.3
59,56.9
27,64.5
49,64.7
62,59.5
61,59.3
37,64.9
46,65.1
24,54
44,64.3
70,40.8
44,65.8
29,63
56,57.8
56,59.4
46,65.6
26,64.5
23,52.7
23,55
31,65.5
23,51.1
43,63.3
63,56.9
22,53.9
59,56.7
16,24.1
60,57.5
19,26.4
50,62.5
22,51.5
19,23
23,53.1
55,56.1
43,65.5
24,51.8
73,41.3
49,64.8
56,61
45,66.3
61,57.9
63,56.2
48,64.8
40,63.5
56,58.1
55,58.3
39,65.6
17,24.7
23,49.9
37,61.5
23,51.7
31,63.4
58,58.5
24,51.7
67,37.2
38,63.4
29,63.1
43,64.6
22,51.8
47,66.1
68,40.1
33,64.7
23,51.9
61,59.6
21,50
50,61.9
33,61
43,63.5
21,50.6
34,65
55,58
18,22.9
73,36.5
16,24.7
54,66.1
70,39.6
33,62.7
70,38.1
41,66.1
22,53.9
41,61.2
28,62.9
71,35.9
64,56.9
21,49.1
58,56.5
22,50.5
23,52.4
50,63.4
69,40.1
18,23.5
39,64.5
60,57
21,53.7
63,59.7
33,63.8
64,57.6
38,63.8
63,56
66,40.1
23,51.4
23,51.4
17,25.8
15,26.5
18,22.1
24,53.3
21,49.4
50,65.7
73,39
62,60.5
64,60.3
22,52.4
23,53.4
55,57.9
55,56.7
52,65.1
71,40.7
22,50.6
23,50.8
68,38.7
22,52.2
20,54.2
20,53.4
21,51
39,64.1
44,62.4
71,39.2
37,63.4
62,59.5
40,63.3
63,57.2
40,65.1
40,65.1
69,40.1
21,50.8
68,40.5
38,64.2
47,64.2
17,27.5
22,53.2
18,23.7
23,52.9
61,55.8
65,40.1
20,51.1
23,50.2
18,26.8
35,63
73,39.7
22,54.3
47,64.1
61,57.5
23,53.3
27,64.2
56,59.1
44,61
60,56
52,62.8
23,52.3
22,50.4
64,56.5
60,56.6
57,55.6
31,64.5
47,63.1
69,39.2
73,41.2
53,64.8
21,49.7
31,64.3
19,24.2
36,63.9
47,64.2
20,50.6
62,57.1
23,54.7
23,53.7
62,55.8
57,57.7
21,49.6
62,58.4
21,52.2
15,24
20,52.7
23,50.3
38,65
22,49.9
16,26.3
57,58
22,52.8
17,25.6
51,66.3
41,64.6
22,48.9
60,54.8
22,51
64,58.6
30,64.4
58,58.5
55,58
51,63.9
23,53.5
47,64.3
68,38.3
26,62.4
23,56.2
24,52
16,23.7
24,52
28,62.1
62,58.9
39,63
59,54.6
18,23.7
18,24.2
62,58.7
15,25.7
72,39
18,25
70,39.7
61,56.9
24,51.6
31,66.9
21,51.5
54,64.1
56,56.8
65,37.8
33,66.1
16,25
71,38.3
17,24.7
49,64.2
60,58.1
56,57.7
22,51.5
23,53.8
22,54.4
21,54.1
67,39.1
21,51.7
58,56.9
21,50.1
66,38.3
20,50.5
61,58.5
62,56.2
45,66.6
41,63.6
48,65.4
20,50
37,63.6
24,53.5
57,58.3
23,56.1
26,62
22,50.8
72,38
16,26.5
23,49.8
45,63.7
27,64.2
18,22.8
22,51.8
35,65.3
50,64.8
49,64.1
28,62.7
40,64.7
26,66.3
16,27.4
48,63.7
24,53.2
69,38.8
38,64.9
61,57.9
22,53.8
60,58.5
52,65.5
21,50.5
21,49.7
16,22
57,55.6
25,64.8
35,61.2
22,53
53,63.1
21,51.7
20,49.1
20,48.7
52,65.2
21,50.2
58,57.8
63,58.2
52,63.1
63,57.5
25,62
73,39.5
19,21.5
46,66.3
23,53.7
23,52.5
29,63.9
53,64.8
22,50.9
47,61.4
74,41.2
56,57.5
59,58.7
17,24.1
52,66.3
35,63.9
68,40.2
24,51.5
38,60.4
57,59.1
22,55.6
21,53.3
57,58.2
22,52
22,51.9
26,62.9
30,62.5
21,51.2
22,53.4
54,65.3
71,40
58,55.8
34,62.7
59,59.1
70,34.1
70,38.3
56,55.4
24,50.5
24,52.2
33,65
64,57.6
46,60.5
70,38.4
64,58.9
32,67.4
63,57.5
59,56.7
31,64.1
71,39.7
56,58.4
60,58
29,64
73,42
31,63.4
38,65.8
52,64.1
23,54.1
60,61
17,27.5
36,65.2
21,49.8
62,56.9
21,49.9
32,65.8
19,24.1
37,67
66,40
64,56.2
38,65.1
22,51.3
20,52.4
41,65
61,57.8
15,23.7
65,39.1
68,37.2
62,60.1
20,53.7
58,57.8
23,52.2
18,24.9
56,57.4
42,65.4
20,50.6
22,53.1
33,62.1
16,26
15,27.4
24,53.9
62,59.9
30,64.7
46,65.6
57,57
31,66.5
22,50.4
58,60.3
21,53
63,54.6
56,57.6
21,53.2
57,56.5
29,65.1
53,65
74,38.2
23,52.6
21,55.1
41,64.6
44,62.8
33,63.8
28,65.5
18,24.8
18,25.6
26,65.1
21,54
20,53.2
36,62.2
56,59.1
27,66.7
31,63.8
61,54.1
19,25.5
23,54
32,67.7
61,60.3
46,64.3
57,58
58,55.3
63,56.7
60,61.3
56,59.2
43,61.3
36,62.7
52,67.1
60,58.7
56,57.1
61,58
54,62.6
21,52.6
72,41
61,58.7
61,55.7
40,62.1
60,57.4
55,55.6
43,61.6
49,63.4
23,53.9
22,51.2
74,38.9
24,51
41,63.7
24,50.7
43,60.8
22,53
59,59.2
64,56.8
21,50.3
18,25
37,62.9
20,52.7
62,57.6
70,38.1
24,50.9
15,23.9
72,36
15,21.8
21,51.7
43,63.4
22,48.9
15,24.7
39,64
58,56.5
22,53
61,57.2
33,66.3
22,52.5
42,62.4
47,65.9
59,57.5
32,65.1
36,63.9
64,56.6
68,37.4
55,59.2
24,52.6
37,64.6
29,65.4
26,63
43,63.9
17,24.8
60,60.8
68,38.5
34,64.2
62,60.2
47,63.3
50,64.6
60,57.2
53,65.8
20,51.2
62,60.4
57,57.4
39,65.1
23,54.6
60,56.1
20,51.1
16,22.9
68,40.2
60,60.5
61,55.8
42,66.2
31,62.1
32,64.7
20,51.6
23,51.4
17,23.3
31,62.5
27,61.8
63,60.9
57,59.1
44,65
29,63.5
62,57.7
65,37.8
24,50.7
26,63.1
23,51.8
40,64.9
49,66.4
57,58.5
22,50.9
67,38.2
56,57.9
72,38
16,23.1
22,51.4
21,53.3
19,24.4
50,62.4
22,50.9
73,38
53,65.6
26,61
17,24.8
37,63.9
52,64.7
47,62.3
67,40.3
73,38
70,41.1
30,61.5
28,61.8
21,54.5
59,56.3
63,57.3
21,48.4
24,52
58,58.2
16,26.6
56,59.5
61,61.2
49,65.5
17,21.3
23,51.5
42,63.9
61,56
17,25.7
30,63.6
25,63.6
60,57.6
60,58.2
63,58.7
52,65.8
63,58.8
39,65.3
70,38.2
38,64.1
36,62.3
17,24.3
48,63.5
59,58.8
56,60.6
41,67.1
60,57.4
53,64.1
59,59.3
32,64.1
48,62.8
15,25.1
49,63.6
57,57.9
50,64.9
39,64.6
19,24.1
19,22.3
26,67.7
28,61.4
63,55.7
59,58.1
56,59.5
71,38.2
58,59
63,57.2
52,62.3
18,24.5
23,52.3
15,24.8
64,58.2
56,56.2
46,63.2
20,51.4
18,25.8
56,58.3
39,65.1
37,64.2
63,55.2
60,60.1
72,39.5
16,24.3
23,49.8
34,64.5
36,63.5
23,53.2
71,41.7
58,56.9
22,52.3
35,62.9
70,38.2
71,40.4
57,59.4
24,52.5
55,59.3
59,59.1
68,40.1
64,57.7
72,39.5
22,51
62,58.5
70,40.2
21,49.6
47,64.5
17,27.6
62,59.8
61,61.5
16,23.3
57,56.4
63,61.2
22,51.8
24,49.9
23,52.8
61,56.4
61,57.7
74,39.2
65,39.4
23,50.2
60,58
18,26
22,48.6
22,54
33,65.3
18,25.3
30,63.7
27,65.2
22,51.1
18,24.8
62,58.4
61,57.1
21,53.4
18,25.7
29,63.7
16,22.5
42,61.3
70,40.2
20,53.6
18,24.7
23,48.6
24,52.2
21,51.6
58,59.4
62,55.8
61,56.5
69,39.1
17,25.6
57,57
17,25.1
28,65.3
71,40.5
21,52.5
55,56.7
44,64.3
30,64.2
20,52
24,52.9
65,36.9
48,63.6
54,65.2
47,64.3
41,65.1
48,61.4
20,49.3
44,65.4
27,63
68,38.3
69,38.5
69,39.8
31,64.3
15,25.7
21,48.7
21,52
34,64.3
23,49.9
21,51.3
62,55.3
37,63.7
46,62.7
31,65.2
21,52.7
58,56.9
29,65
58,56.2
17,24.5
32,65.7
53,63.3
56,56.1
73,40.4
20,52.5
23,53.3
30,65.5
54,64.6
63,59.2
55,57.5
26,65.4
64,56.9
33,62.8
20,52.2
58,55.1
66,38.5
43,65.9
22,51.4
60,59.9
30,65.6
55,60.3
48,63.2
39,65.8
69,37.6
43,63.4
21,54.4
18,27.2
22,49.8
27,63.1
21,49.4
30,64.9
21,52.2
69,39.6
62,58.9
22,51.4
34,65
58,56.7
22,51.8
18,24.9
18,24.9
43,64.8
49,62.8
23,55.7
21,52.7
31,63.3
72,39.2
66,38.2
62,55.5
23,53.1
21,49.9
48,63.6
35,63.6
56,58.2
19,26.7
34,63.1
73,40.9
22,51.1
32,64.4
17,24.2
23,52.5
61,57.8
24,50.7
40,65.4
22,53.1
49,63.6
17,22.1
17,25.5
45,65.6
59,56.8
57,57.2
45,61.8
22,49
74,39.2
38,61.1
17,25.1
32,64.7
23,52
35,61.9
67,38.6
57,57.3
58,58.8
63,56.6
40,62.5
59,60.3
23,51.5
62,56.8
70,37.2
33,62
39,62.6
31,63.1
58,56.9
68,39.9
58,57
18,22
62,58.7
68,38.1
22,51.9
58,57.8
18,24.7
21,52.7
44,67.6
58,58.2
21,51.4
18,27.4
48,65.9
24,50.7
37,63.4
47,62.8
70,40.3
20,51.7
62,57
45,62.9
25,62.2
43,62.2
21,50.8
60,58.4
38,65.7
45,63.6
22,51.4
38,62.1
62,57.2
55,57.2
16,26.5
32,63.9
61,57.7
30,62.9
57,61.4
16,25.9
22,51
19,24.1
24,53.2
69,38.4
22,52.1
24,51.8
23,52.5
32,63.8
30,65.7
23,53.8
17,25.8
50,66.2
73,38.5
26,64.4
67,39.6
73,36.8
62,59.9
40,64.9
50,62.8
16,23.4
38,64.6
55,57.6
74,36.4
35,63
21,51.4
23,52.7
23,53.3
60,57.6
60,57.3
20,50.7
56,55.6
31,63.5
57,58.4
23,50.2
28,65.7
15,22.7
19,24.9
60,58.3
21,52
63,58.7
42,66.3
74,39.1
67,38.5
27,65.3
23,55.1
57,56.7
51,65
59,58
30,64
18,27.2
23,50.7
72,38.6
22,51.7
58,59.7
21,51.2
62,59.7
23,54.5
18,26.2
29,64.2
52,63.9
67,40.5
18,27.1
29,61.4
23,51.2
73,42.1
16,27.3
62,56.6
16,24.2
50,64.9
46,63.8
67,38.4
33,64.6
57,59.3
18,23.8
18,24.6
34,62.5
23,50.3
57,57.9
55,61.7
27,63.5
60,58.2
52,63.6
50,66
51,64.6
18,25.1
33,67
50,65.5
42,62.8
58,58.6
22,52.9
21,53.9
28,65
68,40
22,48.9
23,49
47,63.9
23,53.8
23,50.7
40,63.4
70,37.8
51,62
57,59.6
53,62.7
60,57.4
43,64.9
60,57.3
59,58.8
39,63
69,39.6
49,64.3
59,56.3
45,64.9
60,59.3
16,25.2
23,50.7
72,40.2
23,51.8
71,37.8
40,62.8
21,53.8
21,50
22,49.9
34,62.5
20,51.2
24,51.8
15,23.9
38,64.8
24,53.1
18,25.8
73,39.9
48,66
33,61.7
65,39
42,65.9
63,56.8
22,52.6
17,22.8
36,65.2
71,37.4
59,57.3
63,57.6
55,58.5
50,63.6
22,52.9
29,64.2
41,63.5
36,62.9
17,24.3
17,25.3
59,58.8
31,62.6
63,57.9
41,62
23,51.2
51,64.3
37,63.7
72,37.4
57,58.6
28,66.5
72,38.2
33,63
71,37.4
17,24.7
64,57.6
41,62.4
21,50.7
39,66.3
21,51.5
24,52.3
63,58.1
71,41.4
62,58.9
63,57.6
57,59.5
20,51.2
34,63.2
23,52
64,57.8
61,58.9
30,64.7
20,50.4
33,63.9
23,51.9
19,22.5
37,66
22,52.7
64,58.6
18,26.3
57,56.9
40,65.5
18,25.8
53,62.8
30,63.1
24,54.1
54,65.7
40,62
15,22.9
20,49.9
59,57.9
44,62.6
69,39.3
23,53.1
25,65.1
30,61.4
44,65.8
70,42.8
54,63.9
30,63.4
63,56.1
54,65.3
24,50.5
24,51.5
27,64.7
55,59.5
19,23.1
23,52.4
42,63.8
19,25
47,66.8
41,65.4
22,52.3
69,39.8
32,63.1
22,53.1
71,39.7
38,63
21,52.6
57,58.9
57,59.1
24,54.1
55,60.4
52,62.2
59,59.9
32,63.7
20,50
31,64.7
63,57.9
43,61.9
41,62.9
56,59.1
28,62.7
28,64.6
19,23.9
58,59
23,51.6
23,50.6
45,64.1
20,52
66,40.5
23,51.6
37,66.8
59,58.7
38,63.5
22,49.4
69,36.1
57,59.2
17,23.3
22,55.1
48,65.3
24,52.6
21,52
68,40.8
36,62.4
57,59
63,59.1
20,52.5
61,58.6
63,60.7
69,37.2
21,51.5
16,25.8
42,65
69,37.9
62,56.8
63,58.1
22,52.4
43,62
18,26.4
59,60.1
46,62.8
31,65.4
23,52
18,24.7
61,58.7
32,65.6
62,54.1
28,60.6
51,63.3
58,57.8
61,59.8
21,52.1
60,58.9
42,65.9
59,58.9
22,52.4
69,40.2
19,24.2
34,63.8
22,53.4
24,54
58,57.4
52,63.6
24,50.9
26,64.8
47,63
42,64.9
68,40.3
57,60.8
62,55.2
34,63.7
24,51.2
34,63.7
49,65.7
21,51.9
24,52.7
72,36.4
29,63.4
18,24.5
73,38.5
16,25.2
18,25.1
60,54.9
53,66.5
22,51.8
62,59.7
50,64.5
22,54.7
22,51.6
62,60.7
34,63.5
57,57.8
28,65.4
58,56.6
16,25.5
24,50.2
22,49.7
19,25.2
60,57.3
62,59.1
26,64.8
69,35.5
59,59.5
56,61.1
56,58.5
17,22.6
17,29.3
73,40
38,64.1
62,59.7
22,49.5
27,63.2
37,63.7
22,51.1
24,49.6
40,62.6
16,24.8
55,54.4
58,60
69,39.8
26,65.5
63,57
57,57.3
42,66.4
24,51.1
51,63
26,61.6
23,52.5
31,61.5
48,64.7
21,51.9
33,64.1
22,52.6
62,60.5
32,69.2
23,53.1
22,54.8
59,58.7
22,50.5
36,64
20,51
23,50.2
23,51.7
43,62.8
61,58.4
22,53.5
43,66.2
35,63.8
47,66.2
21,53
17,21.8
57,59.1
48,64.6
23,53.2
20,49.6
27,63.7
73,40.3
61,59.1
56,57
56,56.7
54,65.2
60,56.8
74,40.2
30,64.2
53,65.4
23,55.3
16,25.5
59,59.4
56,58.6
64,55.5
22,51.5
59,56.5
53,65.6
41,64.5
21,49.8
61,60.2
62,58.4
70,35.9
49,65.4
47,64
47,63.2
20,52.3
20,51.6
20,52.6
47,60.2
19,24.6
68,40.5
61,55
72,36.6
23,51.4
34,62.1
16,26.8
23,52.4
28,63.8
53,61.2
23,52.6
49,65.8
17,25.8
22,49.4
20,55.3
34,62.9
57,59.2
17,24.9
27,65.8
21,53.8
16,24.6
28,62.4
21,52.6
72,40.7
73,39.2
58,58.4
21,50.3
24,52.6
23,49.4
60,57.7
21,54.2
22,52.5
49,62.9
17,24
71,43.5
56,58.7
74,39.2
58,60.1
40,63.6
70,39.5
23,53.5
56,57.7
62,61.2
15,25.1
32,65.2
52,65.6
57,61.3
62,56.9
33,62.7
71,38.1
56,57.8
32,65
50,64.1
23,50.9
17,25.5
22,50.8
60,58.8
23,51.4
27,63.5
23,50.8
60,57
17,24.4
57,57.7
73,42.1
56,57.5
19,22.9
64,53.1
35,67.8
60,56.5
60,56.1
68,39.5
15,26.1
21,52.6
70,40
37,64.9
57,58.7
46,63.4
59,58.1
38,65.5
70,37.9
20,53.1
71,39.7
16,21.2
57,56
60,57.9
30,63.2
20,50.7
63,57.2
60,58.1
47,64.6
72,37.8
23,51.9
36,65.9
34,63
40,63.3
67,41.6
60,58.5
26,61.7
17,24.4
26,63.8
63,57.4
63,57.2
23,53.5
50,64.9
23,52.7
20,52.9
56,57
55,60.4
18,23.4
40,65.3
38,64.7
23,51.3
19,22.9
54,64.5
23,51.7
24,54
53,63.8
43,63.9
57,60.1
22,50.5
57,58.8
62,58.1
22,55.7
26,64.9
23,49.3
61,59.9
22,49.7
70,40.3
58,58.3
40,65.6
63,59.9
22,54.6
60,57.4
58,58.4
58,60
55,58.4
22,51.3
23,50
43,64.6
72,38.4
20,50.1
66,39.5
32,64.1
66,40.1
31,63.2
62,57.6
62,57.7
32,64.8
36,63.9
70,38.1
21,50.5
67,39
58,58.4
48,65.4
58,61.9
19,21.4
60,58.7
20,51.1
53,61.6
70,38.6
73,37.2
23,49.8
67,39.4
73,39.1
15,24.6
23,50.7
36,64.4
27,63
24,53.2
26,65.9
21,48.2
62,60.1
57,59.2
59,57.7
22,50.7
22,52.3
34,65.1
33,63.9
72,37.1
60,58.6
57,57
63,58.6
39,64.8
21,51.9
31,64.3
22,53.3
23,52.1
27,62.1
28,63.5
58,57.9
21,49.2
18,23.2
50,64.2
17,24.1
20,52.1
51,63.4
40,65.2
22,51.7
18,26.7
23,51.9
42,64.3
31,64
52,66.7
73,38.6
36,60.3
59,57.6
31,65
24,51.1
38,66.2
52,65.8
36,65.5
17,25.6
61,56.7
23,52.8
70,37.8
56,56.3
16,28.1
62,59.8
20,51.9
62,58.4
23,52.2
21,50.5
19,24.3
19,24.3
61,55.1
17,23.4
65,39.2
64,58.8
41,65.8
54,64.5
21,50.3
33,64.5
70,38.5
49,63.2
23,53.6
31,63.4
66,39.9
71,41
16,26
62,57.9
39,65.6
21,52
21,49
64,58
43,65.5
17,27.1
41,64.2
63,61.3
60,61
33,66.3
19,27.6
21,52.9
59,58
64,60
69,37.3
55,57.4
21,49.5
21,51.5
16,22.5
66,40.8
16,23.9
67,40.2
22,50.4
24,51.1
50,63.5
22,51.5
32,64.8
36,65.9
22,49.7
49,67
47,63.6
60,59.1
18,25.1
46,62.6
16,24
71,38
42,63.8
62,57.6
56,58.2
42,67.3
64,56.6
42,64.5
23,52.5
20,50.2
49,65.8
64,54.6
71,39.4
72,37.3
58,56.9
39,63.1
27,65.2
51,64.1
32,65.9
49,63.4
22,49.8
23,51.2
23,52.3
22,52.5
21,51.1
40,64.4
67,40.4
55,57.7
56,61
24,50.9
22,52
38,64.9
31,62.3
66,39.2
16,27.8
60,58.9
24,54.4
38,63.8
18,21.3
62,59.3
18,20.8
19,21.6
70,40.7
21,53.9
40,63.3
24,50.5
58,60.1
71,38.9
22,51.8
26,62.1
23,53.7
21,51.7
21,54
56,59
22,52
17,23.9
63,60.2
54,61.1
70,36.2
32,63.6
23,49.4
20,52.1
45,62.9
48,63.9
72,38.1
62,56.4
59,57.9
21,52.2
61,60
71,41.2
58,57.6
34,64.2
46,60.8
16,25.5
21,51.2
18,24.4
17,24.9
31,65.3
59,59.4
61,56.4
48,63.7
34,64.3
22,52.6
31,65.7
17,25.4
37,65.8
47,63.2
22,51.4
59,55.4
18,22.3
46,64
56,56.6
57,55.5
30,66.6
49,62.9
23,52.9
21,50.1
59,56.6
22,49.4
58,57.7
55,59.9
47,66
16,26.1
24,53.2
63,57.3
57,58.2
72,37.3
59,59.2
60,59.2
66,39.7
53,64.5
21,50.7
16,25.4
49,61.9
72,39
46,62.1
56,56.5
59,59.9
58,58.7
57,58.8
62,57.3
57,58.1
16,22.6
63,60.6
68,38.5
62,58.6
17,26.2
71,38.3
72,41.3
55,58.8
23,50.5
57,56.8
23,51.6
20,52.7
16,23.7
67,39.8
60,56.4
22,51.5
59,58.6
20,52.5
20,52.8
21,51.4
21,53.1
56,58.1
21,52.3
50,63.4
22,52.1
22,51
32,66.3
36,63.2
38,64.4
68,35.5
55,57.4
35,65.3
52,65.6
39,64.7
49,68.2
25,66
23,50.5
74,37.1
62,58.1
57,58.7
72,39
59,56
59,58.9
27,64.2
56,60.4
58,57.8
18,22.7
61,56.8
72,38.8
22,51.9
61,56.7
73,39.2
55,56.5
58,58.8
57,58
58,57.4
23,52.2
50,64.2
18,27.3
23,48.6
22,52.3
56,56.6
40,65.7
51,65.6
57,56.2
22,49.2
52,65.3
23,53.2
23,52.2
33,65.7
23,50.6
24,51.7
17,24.1
71,38.6
21,54.1
44,65.5
38,66.7
16,24.2
47,65.5
54,64.1
56,59.3
64,56.2
59,56.9
30,63.6
62,59.7
72,40.1
27,63.2
26,65.8
16,27.4
37,65.8
28,63.5
69,38.3
20,51.5
24,50.5
16,24.6
46,64.9
68,40.2
41,64.1
23,52.3
44,65.3
22,52.6
19,23.6
58,58.9
51,65.2
31,65.1
27,65.8
68,39.4
58,60.6
62,58.9
64,57.9
51,64.1
73,42.9
57,58.4
42,65.2
58,58.5
17,26.9
29,62.5
43,64.6
59,57.5
63,56.8
16,23.2
23,52.9
21,55.5
49,65.4
52,67.1
19,25.6
50,62
35,64.2
26,66
26,63.3
45,65.4
21,51
62,57
52,64.6
28,63.6
22,51.4
21,49.9
24,50.2
41,63.4
16,23.9
42,67.1
20,52
51,64.5
62,59.5
23,51.6
20,54.2
23,49.7
20,53.2
17,24.7
46,65.4
48,66.4
58,55.9
52,61.9
46,65
28,63.9
59,58.8
40,64.2
46,64.7
65,37.8
15,25.7
16,25
23,53.1
28,63.3
21,51.6
61,60.4
53,63.1
18,23.6
20,51
58,58.9
58,58.3
33,62.1
22,53.3
20,52.1
32,63.4
44,65.4
62,60.3
53,65.6
64,57.4
46,63
17,23.7
21,53
18,25.6
18,24.1
44,63.9
39,62.8
28,62.9
19,24.2
56,59.8
55,58.2
22,51.5
57,55.1
24,53.6
56,58
66,41.7
21,52
62,56.9
28,64.7
16,24.5
60,57
57,54.9
49,63.3
55,57.7
30,63.5
23,50.5
60,56.2
49,63.6
59,57.2
34,63.3
18,26.2
19,26.8
62,57.9
36,66.3
22,52.2
15,23.7
59,57.4
60,57.3
18,23.5
42,63.5
37,65.7
51,64.6
56,57.7
16,23.9
56,58.4
60,57.8
30,62.8
60,59.4
21,52.9
22,53.5
44,66.3
21,50.9
61,58.3
32,65.2
71,39.1
37,62
21,53.2
21,52.6
21,51.5
15,27
16,24.2
67,37.8
20,49.4
37,62.8
37,62.6
18,23.3
29,61
52,63
25,65.2
52,64.1
24,52.5
49,61.3
50,64
62,57.2
42,65
22,50.6
48,64.6
61,57.2
63,58.4
63,56.9
63,59.9
43,65.3
27,63.9
34,64.8
23,53.2
60,57
58,60.1
33,64.3
32,62
60,60.3
58,54.6
38,61.7
19,27
21,52.4
20,51.9
63,58.6
23,51.5
62,55.7
18,25.1
59,59.1
22,50.7
69,40.9
25,64.9
55,58.5
63,56.9
60,58.8
21,51.4
47,62
38,63.9
65,39.2
45,61.5
27,63.1
22,50.8
52,63.6
24,50.3
50,64.6
30,66.3
33,62.3
16,26
51,65.2
66,38.5
22,53.5
42,62.6
23,54.2
21,51.5
63,55.9
34,63.9
18,27.8
43,65.7
67,38.5
39,65.9
62,59.5
26,62.3
35,64.3
59,57.7
67,39.9
33,63.3
20,51.8
74,42
30,62
15,26.1
49,62.6
69,40
58,58.8
72,38.2
20,53.3
17,23.7
41,61.9
26,65.9
72,40.4
30,64.6
56,56.9
21,54.9
23,52.7
74,38.7
69,38.3
22,52.8
38,64.1
70,39.9
68,40.4
23,53.1
26,63.8
16,24
68,40.1
20,50.2
70,38.2
72,36.9
23,52.3
61,59
15,23.9
23,54.5
40,64
30,61.7
41,61.5
59,60.1
29,64.1
18,24.1
46,65.3
69,39.4
39,63.6
29,64.5
41,64.9
22,50.7
51,63.8
58,55.7
21,52.7
47,62.1
31,62.2
23,52.5
50,63.5
16,25.5
56,57.8
23,54.1
57,57.8
21,51.6
16,23.7
23,51.1
56,58.6
42,64.5
48,65.9
18,26.4
57,59.3
27,63.3
52,63.3
23,51.3
52,62.7
28,64.8
63,61.6
31,65.5
36,62.9
38,66
59,58.2
61,55.7
52,64.6
40,65.3
33,63.3
69,38.1
48,67.5
67,39.6
45,68.3
51,65
56,59.4
16,24.8
16,28
29,65.1
19,23.9
23,51.5
26,62.3
71,37.9
36,62.3
60,55.2
37,65.7
22,51.7
68,39.8
35,64.6
23,51.8
63,57.1
49,63.3
60,56.7
21,52.1
63,57.3
60,57.5
29,62.9
16,21.3
45,63.7
42,66.4
22,52.7
22,51.6
22,52.9
35,63.7
61,54.5
24,54.1
18,26
60,56.5
73,39.5
45,65.3
54,63.3
24,53.9
72,37.5
32,63.1
21,52.7
31,62.5
30,60.8
21,52.1
30,62.7
53,65.5
43,64.1
22,50.4
64,58.9
50,63.2
64,60.4
56,59.4
17,24.4
17,24.3
38,63.5
15,23.9
52,64.1
57,57.5
55,57.9
46,63.8
18,26.1
23,51.9
61,55.8
64,59.2
18,24.7
20,49.8
21,52.4
16,24.9
58,57.2
56,60.1
62,60.7
69,37.6
39,62.8
69,38.3
27,66.3
70,38.6
22,51.4
22,52.2
72,39.3
24,53.2
62,56.8
32,66.3
17,23.9
61,59.3
32,64.7
16,26.2
57,58.6
27,65.3
22,53
28,64.5
60,58
65,39
20,51.9
18,24.7
57,57.1
21,51.7
29,63.3
57,58.8
58,54.8
63,58.5
61,61.2
74,40.3
20,51.4
41,63.5
59,58.6
37,63.1
70,40.9
18,26.9
61,56.5
16,23.9
27,63.1
60,59.6
60,56.7
38,62.3
60,59.4
21,49.9
44,60.1
59,58.4
34,63.5
44,66.1
49,64.1
72,41.3
20,53.7
23,54.2
24,53.2
48,62.5
57,57.9
37,65.4
22,52
17,24
56,54.3
22,53.3
28,64.4
72,41.5
22,52.6
49,65.2
35,62.2
15,26
33,64.8
62,58.8
66,39.1
21,51.3
52,64.3
42,62.5
60,57.7
45,62.3
21,48.9
23,52.8
60,57.8
22,53.3
72,35.6
64,59.8
17,24.4
18,24.9
57,60.3
40,64.9
32,64.2
73,41.8
49,62.4
41,63.7
67,38.2
63,57.1
39,65.3
68,37.8
23,52.8
36,63.9
68,38.4
27,64.5
44,66.9
22,51.7
23,52.5
27,64.1
35,66.5
34,65.2
68,38.6
22,54.6
21,51.6
47,65
53,62.1
36,64.7
21,52.8
52,63.7
21,52.5
15,24.4
39,64.7
66,40.8
23,53.3
29,62.2
28,65.1
38,61.9
67,38.9
64,58.6
19,23.8
23,52.6
56,59.1
23,51.3
22,52.6
66,39.5
72,40.7
41,65.8
22,53
63,58.2
25,65.6
37,64.7
48,65
21,51.9
66,37.7
57,55.9
21,51.8
61,59.3
44,67.2
31,67.5
64,59.8
24,51.3
67,39
30,66.1
35,62.9
22,52.4
57,57.2
49,62.6
18,25.9
22,49.8
21,51.3
70,39.6
67,41.2
22,54.9
29,67.3
22,54.1
63,58.5
29,63.6
15,26.3
57,56.3
52,63.9
23,53.5
21,53.1
21,53.2
18,26.2
23,51.1
18,21.7
56,55
41,65.1
23,53.5
61,58.2
37,64.3
71,38
48,63.5
32,65.3
55,60.8
63,59.9
72,40.4
28,66.1
66,37.7
65,37.5
15,26.1
33,65
23,52.5
44,65.8
18,25.5
61,58.3
52,61.8
53,64
58,59
19,25.3
58,55
54,61.6
55,56.6
18,26
20,51.8
66,34.6
71,41.1
18,26.4
47,64.9
17,25.2
58,57.3
71,38.6
24,51.4
43,63.6
23,54.6
31,63.8
60,58.6
61,57.8
74,38.6
15,24.1
16,22.6
24,52.1
22,51.1
22,55.7
59,57.4
23,54.3
65,38.2
22,51.4
43,64.1
71,40
68,39.2
34,63.1
57,57.3
58,58.1
21,49.9
60,57.1
61,59.3
22,50.1
36,62.1
63,56.6
73,39.4
19,25.1
22,50.8
21,55.2
20,48.4
22,50.9
67,39.8
57,58.9
24,50.2
64,57.2
44,59.7
61,55.4
65,40.9
52,65.4
55,59.2
64,57.3
22,52.2
47,65.2
51,60.6
28,66.6
25,65.9
56,59.5
24,50.1
21,52.6
34,69.2
34,64.1
37,64.1
43,65.4
20,52.7
42,64.4
30,67.9
21,53.7
23,52.4
43,63.2
51,65.3
32,65.9
41,65.5
17,25.7
21,52.2
21,53.8
33,63.1
67,39.2
56,57.5
63,57.3
26,67.1
20,51.7
49,63.6
30,62.8
33,65.3
17,25.2
67,37.5
59,58.1
61,58
40,63.9
35,63.2
26,65.3
37,61.6
19,23
37,66.9
35,63.2
18,26.3
24,49.9
42,59.5
59,57.7
24,51.2
23,52.4
62,59.3
18,23
71,37.8
21,51
44,62.9
50,65.3
44,61.3
57,57.6
48,66.5
22,50.9
55,58.1
59,58.1
16,26
59,57.9
49,61.8
51,60.8
55,56.9
40,65.3
44,67.2
59,57.2
15,26.8
63,58
60,60
35,62.2
56,60.3
22,54.6
23,50
64,57.1
60,59
66,39.6
59,54.6
42,64.3
45,63.9
69,37.5
17,22.7
19,25.8
37,64.9
38,64
34,66.5
70,40.8
49,67.1
57,57.2
23,52.1
69,36.3
39,61.4
64,56.2
24,51.6
48,62.7
57,58.8
20,54.8
21,53.9
43,62.6
70,38.7
22,53.4
53,64.7
20,49.5
64,56.5
67,39.1
22,50.5
16,24.3
16,23.6
40,63.1
23,50.1
20,51.3
23,52.4
31,62.8
60,56.5
17,24.3
21,51.9
23,51.7
18,21.8
67,40.6
18,25.6
36,66.9
47,63.8
67,39.1
56,58.5
44,66.6
50,64.4
35,64.9
58,57.9
41,62.1
47,63.9
43,64.3
22,51
41,63
61,57
24,52.3
73,38.7
22,55.1
35,63.5
34,65.2
56,58.1
73,37.2
56,59.4
44,67.9
67,35.5
20,52
21,50.7
23,52.3
16,22.9
49,63.3
67,40.1
52,65.8
22,53.5
59,59.8
19,23.8
70,38
57,57.3
22,51.2
66,38.6
39,64.1
39,63.6
40,63.2
37,64.6
64,56
62,57.3
43,61.8
40,63.7
21,53.1
57,59
42,65.9
56,58.5
58,59
22,54.7
48,62
24,52.4
71,38.8
26,65.5
19,23.1
44,65.3
70,42
68,37.7
16,27.4
59,57.6
73,36.2
35,63.5
19,25.4
23,51.8
60,58.8
26,64.8
64,56.2
18,23.5
18,24.8
56,60.8
58,59.8
29,66.7
72,39.6
69,40.6
22,51.3
31,63
56,60.2
45,65.6
21,52.7
22,52.6
53,63.9
18,24.3
49,64.4
63,57.7
17,26.7
68,39.6
59,55.7
15,23.9
69,39.1
52,63.9
64,58.2
29,65.9
18,23
22,53.6
57,57.9
23,54.2
73,39.5
29,64.2
20,51
56,56.1
61,59.9
21,51.9
71,37.2
52,68.4
20,52
23,51
59,55.5
23,50.7
59,57.5
58,59.2
21,52.2
17,24.1
23,51.4
30,63.3
23,54.3
37,63.8
18,23.9
41,64.5
28,61.7
45,63.4
73,37.7
21,49
17,25.3
21,50.6
22,50.6
36,63.8
21,53.9
19,25.1
41,67.2
24,50
56,59.3
48,63.2
50,63.4
23,50.7
50,62.1
58,58.3
68,38.1
60,56.4
66,37.8
60,60
35,63.8
63,58.4
68,41.3
50,63.1
60,57.8
16,25.7
58,57.3
21,51.5
18,24.4
71,39.1
62,58.7
42,64.5
58,56.4
53,65.4
27,63.8
52,63.4
37,65
63,57.9
20,52.1
21,50.9
72,41.5
17,25.4
16,24.7
35,64.4
35,63.4
20,52.7
21,54.8
16,25.2
20,54.6
68,40.9
73,41.7
34,61.7
21,55.1
69,40.7
73,37
38,63.1
27,63.3
20,54.7
48,64.7
56,58.5
55,57.6
65,37.5
66,38.7
69,37.6
20,50.1
22,51.5
26,65
15,27.7
27,63.7
35,65.3
46,62.5
62,57.5
72,41.8
49,67
72,41
27,65.3
25,63.6
38,61.1
70,39.1
15,30
17,24.7
67,36.7
20,51.5
31,66.5
68,38.1
15,25.9
21,51.5
17,25.6
62,56.1
68,39.8
36,63.1
58,58.8
22,48.2
23,52.5
23,51.2
60,57.6
22,53.9
64,57.8
22,49.7
23,54
30,65.4
31,63.1
69,36.3
32,62.8
31,64.4
29,64.5
22,51.5
58,56.9
31,64.3
58,57.3
59,57.5
70,40.1
43,63.1
54,64.7
21,52.1
44,65.3
23,50
60,57.1
21,50.9
30,63.1
60,59.5
54,65.1
49,65.3
37,64.8
16,23.9
58,58.4
27,63.9
73,39.5
23,53.4
16,24.5
19,23.8
20,52.9
18,26
18,26.5
38,64.6
23,52.2
48,65.9
16,26.3
19,27
46,63.6
61,58.2
22,52
21,52.2
22,52.7
61,57
32,65.3
70,39.5
20,50.9
23,53
69,38.9
21,52.4
58,56.4
51,67.8
27,63
21,52.5
53,65.1
49,64.5
42,64.3
60,58.7
62,56.9
23,51.2
45,66
34,65.3
59,61.6
22,55.4
59,57.2
56,55.6
58,56.9
34,62.6
41,66.3
24,51.7
63,58
16,26.5
72,37.6
16,24.4
47,64.4
58,59.1
41,63.5
44,63.8
45,65.7
72,39.4
38,65.3
24,54.9
71,38.4
16,22.5
24,53.3
39,63.4
45,65.2
45,62.6
43,67.8
58,56.5
48,64.8
16,23.3
17,26.5
56,57.4
67,39.6
53,64.9
34,66.3
63,58.1
18,27.7
23,52.6
22,52.6
20,53.8
36,62
18,24.4
16,22.5
35,61.8
30,64.1
38,64.6
67,38.4
21,49.6
59,58.5
22,50.9
35,62.2
50,63.9
17,26.1
35,65.8
16,25.7
16,23.8
21,56.1
21,52
18,25.8
21,52.3
55,58.9
17,24.6
63,60
73,38.4
68,36.4
59,56.4
20,51.9
21,49.5
56,56.9
16,23
39,62.1
27,63.2
18,25.7
73,41
23,51.9
37,64.6
23,51.2
28,63.8
21,50.1
66,40.1
19,25.3
60,60.3
24,51.3
57,56.6
38,63.5
61,56.5
56,56.7
33,67.3
38,61.9
68,37.2
71,40.2
58,56.5
22,52.9
35,64.5
59,61
23,54.1
24,52.9
24,49.8
67,40.2
73,39.6
45,63
70,39.4
58,58.2
18,27.3
38,62.5
57,57.9
43,64.9
58,56.4
50,62.7
30,62.9
61,59.7
61,57
18,21.9
31,64.8
48,65.4
45,65.7
18,25
61,57.1
68,40.4
60,57.5
21,53
56,59.9
57,60.9
58,57.5
18,26.5
52,65.2
52,64.3
56,56.8
63,56
39,66.7
38,64.6
17,24.9
28,63.4
54,62.7
24,51.5
46,65.1
55,57.5
15,25.5
21,52.2
23,52.1
49,63.8
18,26.3
43,66.7
20,51.9
45,64.4
23,54.5
36,64.6
18,26.3
70,37.6
42,63.2
71,37.8
39,67.5
29,66.6
63,60.2
21,51.4
18,25.9
49,64.4
59,57.3
55,57.5
22,51
39,64.3
67,40.7
23,52.9
17,26.5
56,58.8
22,52.5
23,57.1
59,58.5
68,39.2
16,23.1
21,53.6
60,56.5
16,24.1
33,64.2
27,63.8
21,52.8
21,52.9
56,58
61,58.1
21,52.4
21,50.6
23,51
25,65.2
29,64
26,61.4
62,60.4
21,53
21,53.3
22,51.7
62,57.7
33,63.8
43,63.9
61,56.6
49,65.7
17,25.7
63,58.5
51,63.4
61,57.2
56,59.4
18,24.9
33,63.9
30,64.6
35,65.6
22,51.5
15,25
29,63
64,59.1
20,51.8
41,64.8
28,63.2
20,49.3
62,58
23,52.4
20,51
74,39.1
60,60.4
23,52.6
31,62.9
68,38.6
59,55.1
67,40.2
26,64.9
48,65.3
23,52.1
64,56.8
34,62.9
29,62.6
22,52.4
15,23.4
23,51.4
52,66.3
49,64.9
27,63.2
52,64.4
15,26
67,37.8
22,49
15,26.9
56,59.8
30,61.9
61,57.3
26,65
67,38.6
64,59.5
45,63.2
57,57.7
26,65.6
57,57.6
62,57
58,57.8
49,67.7
74,40.6
63,59.2
21,53.2
15,24.5
16,26.5
21,50.6
62,57.3
67,37.6
62,56.5
56,55.3
37,67
23,56.2
66,37.9
44,61.7
25,64.5
64,58.3
62,55.6
18,25.2
15,23.7
36,63.1
52,63.5
23,52.1
30,67.4
57,57.2
39,66.5
21,51.5
26,65.1
21,53.2
56,59.3
21,52.7
62,61.3
23,54.2
40,63.6
38,62.6
23,51.7
46,64.1
61,58
22,50.7
20,49.5
24,53.4
62,57.1
56,55.9
58,57.5
36,63.8
49,64
22,51.8
34,64.2
21,49.6
59,57.3
66,40.2
26,64.3
31,62.3
65,39.8
72,39.6
74,39.4
23,51.5
18,23.8
23,52.5
35,66.3
15,25
17,23.6
32,64.5
26,63.4
65,39.2
42,64.5
58,59.1
58,56.6
28,63.1
61,59.3
21,52.8
21,53.3
72,39.6
57,58.7
22,51
34,64.6
50,64.9
22,54
18,23.9
65,38.1
47,64.9
51,61.9
60,55.2
45,63.7
41,62.4
17,25.3
21,50.2
64,57.6
37,68.4
15,25
56,58
16,23.3
22,51.2
23,54.4
62,54.3
44,63
67,40.3
62,55.9
18,26.9
24,49.5
22,51.4
71,39.2
36,66.2
41,60.5
61,57.1
23,51.1
74,38.6
22,51.7
61,56.5
19,24.9
41,66.3
59,59.3
67,39.3
57,56.8
30,64.8
55,57.3
21,51.6
61,58.4
43,64.3
61,57.2
47,65.5
58,59.4
26,64.2
42,64.4
24,52.3
24,52.4
21,52.2
73,40.2
18,26.1
58,58.7
62,57
45,65
21,51.8
18,23.4
19,24.3
60,55
32,63
21,49.3
22,50.7
22,53.6
55,55.8
68,38.7
36,63.1
61,55.9
23,53.7
15,25.2
29,64.3
27,65
22,51.9
52,66.4
21,52.9
39,63
49,62.8
65,38.2
27,64.1
23,50.5
58,61.7
23,49.9
71,38.2
45,65.3
16,25
63,58.8
57,56.4
42,65
57,58.3
50,66.4
28,63.3
71,40.2
47,62.3
62,55.9
55,59.1
23,51.3
23,49.7
29,66.7
21,50.3
46,64.6
18,25.9
64,57.1
22,50.6
39,63.5
71,39.4
26,62.8
43,62.9
24,51
40,64
71,39.3
21,51.3
22,51
53,66.1
64,59.1
63,56.2
38,65
22,52.5
57,58.8
47,63.3
65,38.4
61,57.8
20,53.5
58,59.7
22,51.2
53,64.5
59,58.9
23,49.9
38,66.2
15,23.3
22,50.5
52,62.8
22,51.3
35,66.9
26,64
62,55.9
27,62.8
58,57.2
48,62.9
62,56
17,25.3
74,37
64,57.1
58,59.4
21,51.4
22,50
16,25.8
38,65.6
24,51.1
22,49.8
16,26.1
58,56.5
54,65
73,38.9
21,52.4
43,64.1
56,57.6
58,58.4
36,64.8
62,57.4
38,64.9
57,60.2
15,26
36,60.7
28,63.4
21,50.7
17,25.5
42,60.5
62,57.5
21,50.6
15,25.3
39,65.7
36,64.1
32,63.6
66,39.2
16,25.8
22,54.4
22,52.3
28,65.3
72,38.8
67,38.8
49,65.4
56,59.7
68,40.9
45,62.3
61,57.6
54,62.8
22,52.5
59,56.7
74,38.2
60,58.6
49,62.5
70,39.4
21,51.7
71,40.2
26,60.9
20,53.6
29,64.5
24,53.1
56,58.5
37,62.9
61,57
22,51.9
47,61.6
29,64.7
70,40.1
27,63.7
58,57.2
37,65
46,64.3
67,34.6
62,54.8
23,48.4
69,40
16,26.5
56,59.9
48,62.9
53,64.9
23,51
62,57.9
23,53
22,51.6
23,52.4
63,58
39,66.1
22,53.5
49,60.5
47,63.6
31,65.5
37,63.3
62,58.5
45,63.1
25,63
46,65.5
22,52.4
31,63.2
63,58.8
63,58.9
51,64.8
23,55.7
43,64.6
69,39.8
17,26.4
56,58.6
19,25.3
29,64.3
46,63.7
26,65.6
17,25.2
33,63
48,63.3
45,63.4
63,58.7
22,53.1
70,37
49,62.7
23,49
23,50.7
67,39
17,22.9
21,52.9
70,39.8
23,51.9
22,53
32,64.9
31,67.1
52,66.5
51,64
55,57
28,64.4
18,23.8
43,62.9
58,61.6
74,39.8
27,62
22,55.4
40,63.9
17,26.7
15,24.2
18,24.5
35,63.1
52,66
40,66.6
61,60.1
69,38.8
16,27.2
69,40.7
25,61.5
29,65.5
61,59.1
61,59.6
19,27.4
60,56.2
19,23.2
38,61.8
34,61.9
24,53.3
52,66.5
68,38.7
39,63.2
47,64.2
69,37.8
45,63.3
36,64.2
56,58
22,51.3
70,39.6
59,57.5
60,60.4
25,63.7
22,52.9
57,58.9
58,57.9
29,64.4
21,54.8
44,64.2
29,65.1
18,27.1
70,37.4
23,49.4
44,63.7
44,62.7
61,57.5
26,62.9
69,39.3
35,62.7
21,50.6
65,41.4
27,61.8
15,26.7
64,58.5
56,58.8
31,61.5
68,39.2
21,52.2
70,37.6
61,57.6
45,61.4
61,59.1
22,51.7
54,65.7
60,56.4
19,25.6
20,52.5
62,58.3
25,64.8
41,62.2
73,40.3
23,50.9
46,65.1
43,65.1
73,39.4
66,38.3
35,64.5
60,57.5
30,65.3
33,67
37,65.8
36,66.9
41,65.1
18,25.7
19,24.3
35,63.4
50,63
56,56.8
26,63.7
56,59.3
61,57.1
16,25.8
17,27.1
61,59
23,53.6
72,40
48,64.6
36,62.7
60,59.5
58,58
34,63.5
22,52.4
66,39.7
25,63.7
22,53.4
56,58.7
21,54.6
66,37
37,64.6
24,51.7
47,62.5
34,66.3
21,53.1
59,59.8
58,59.9
22,52.8
35,64
20,51.1
22,52.7
42,62.6
64,57.5
22,53.2
23,49.8
71,38.3
21,48.9
18,24.2
38,64.3
50,62.3
73,37.8
64,57.1
53,63.4
29,62.3
15,23.7
22,51.2
45,63.5
59,58.3
18,24.7
46,62.8
60,56.6
60,58.9
41,62.1
62,59.5
61,56.7
21,54.5
17,26.8
15,24.5
41,65.1
62,59.3
59,56
68,38
53,68.1
23,51.6
74,39.6
21,54.6
25,64.4
35,64
29,64.9
22,53.5
23,53.5
18,26.8
23,52.5
53,64.4
73,38
20,54.3
54,64.1
59,57.4
22,52.7
69,37
70,37
22,52.9
59,57
70,39.3
15,23.3
61,56.9
62,58.5
37,65.9
57,59.5
69,41.2
60,56.2
22,55.2
16,24.9
26,63.4
51,62.3
64,57.4
36,63.4
42,61.7
55,58.9
53,63.3
42,63.9
40,61.2
57,56.3
32,63
56,54.4
66,37.8
60,57
60,57.8
32,63.8
67,40.3
57,56.4
43,63.2
47,64.5
38,65.6
27,64.7
51,62.3
21,49.3
46,63.4
20,54
58,57.4
16,23.1
26,61.1
24,52.7
20,51.3
29,65.4
24,51
62,57.3
21,51.9
74,43.1
43,64.1
72,41.3
16,22.2
21,53.5
52,64.1
24,51.4
59,60.3
51,61.2
33,65.6
46,63.4
57,56.4
48,66.2
23,50.4
21,51.6
54,62.6
63,61.3
57,58.6
21,54.5
17,26
27,64.7
20,51.9
51,61.6
39,63.7
46,61.2
18,24.6
23,49.9
56,57.6
45,62.8
73,41
16,24.8
21,51.5
21,52.8
74,38.6
22,53.2
64,56.7
72,38.2
20,52.4
23,53
60,54
21,49.6
62,57.1
43,65.1
30,67.4
22,52
20,54.1
22,52.7
58,57.5
61,62.3
30,67.7
59,58.7
49,64
26,65.8
22,51.6
46,65.1
19,26
73,38.9
72,34.7
64,60.2
32,62.1
21,52
71,38.5
23,50.8
28,61.1
16,22.7
41,64.9
24,49
48,62
58,56.4
34,62.4
73,38.5
59,57.4
21,52.3
16,26.4
20,50.8
48,64.5
22,51
50,63.6
23,51.3
21,47.7
47,62.4
23,50
34,63.9
61,57.9
45,64.4
16,25.2
63,59
68,39.9
16,24.8
39,63.7
56,56.7
49,64.6
70,39.6
61,58.5
53,62.6
20,52.4
62,59.5
48,63.1
17,25
41,64.4
53,66.8
45,65.1
43,62.8
57,56.3
63,59.1
43,62.5
22,53.2
42,63.6
61,58.3
43,62.7
58,59
16,25.3
22,51.8
53,60.4
21,51.4
65,39.1
21,52.1
24,53.1
23,54.2
18,25.2
56,57.2
20,50.7
48,63.2
70,39.1
68,36.3
29,65.5
63,59.2
37,64.3
38,64.9
64,59.4
69,39.5
23,53.3
63,57.2
23,49.8
21,53
45,62.3
66,40.6
58,58.6
17,25.6
69,38.4
58,56.8
42,64.8
50,66.4
24,54.2
52,63.3
34,65.4
63,55.4
74,41
29,62.7
24,52.4
73,40.2
56,57.1
66,38.1
22,49.8
65,38.6
56,57.4
62,59.7
69,40.6
69,37.8
41,66.9
15,22
44,63.6
71,35.9
15,23.2
62,59.8
24,49.4
23,52.7
21,51.9
64,57.2
62,56.2
32,62.9
36,62.8
21,53.8
52,63.5
23,53.5
37,63.3
65,39.3
39,63.8
23,51.1
23,52.5
22,49.7
24,52.9
15,26.7
47,63.1
32,63.7
23,51
64,57.7
39,63.9
64,57.7
68,37.2
34,64.2
57,55.2
56,56.2
36,65.1
18,23.6
18,23.2
63,58.6
46,64
18,25.6
57,60.5
23,51.3
62,59.4
28,62.2
59,57.5
63,61.6
25,62.6
24,52.8
22,54.1
20,55.4
49,64.6
43,62
49,65.7
71,40
17,23.8
61,59.5
57,57.1
23,50.2
29,67.9
16,23.2
70,36.9
39,63.7
23,48.8
22,52.4
21,51.1
66,35.3
22,52.2
17,25
35,65
17,25
55,56.1
24,51.9
68,37.4
50,63.5
73,40
15,24.3
63,58
58,57
18,26.8
45,66
19,22.1
20,52.2
61,59.4
61,58.4
23,52.4
17,24.8
43,64.7
27,63.4
22,49.1
23,54
53,64.3
27,63.9
26,62.8
22,53.2
59,61.6
20,51.6
21,52.3
20,52.8
29,62.2
31,66.6
22,51.6
42,63.2
15,25
23,53.3
17,27.2
23,49.3
17,24.3
16,25.7
50,64
65,42.5
26,62.1
21,50.7
23,56.2
22,51.6
34,63.4
18,25.7
46,64.1
36,64.3
67,37.9
40,64.1
62,59.7
27,61.2
53,61.8
35,64.9
21,51.2
15,25.7
66,39.5
66,39.4
56,58.4
23,51.7
49,62
21,52.8
61,58.4
31,63.8
33,65
56,54.9
30,65.6
68,39.9
66,37.1
59,59.5
18,24.4
44,65.9
60,57
53,63.6
61,58.2
56,58.3
45,64
40,62.6
62,57.8
21,51.4
41,63.1
20,51.1
33,62
22,52.4
66,37.3
42,64.9
49,61.3
66,37
21,50.6
18,25
21,52.4
51,62.7
33,65
24,51.2
61,57.5
19,22.9
22,49.7
60,59.2
18,25.5
15,27.7
39,64.1
72,37.5
59,57.1
34,63.8
62,55.8
68,37.7
16,27
65,37.7
26,65
46,65.6
47,64.7
17,27.4
68,40.2
21,53.8
35,65
66,39.5
36,63.3
26,62.8
48,64.5
48,64.1
40,65.4
29,66.3
42,65.1
24,50.7
66,38.2
22,50.2
40,66.3
16,24.3
20,52.1
21,51.2
23,50.7
40,61.1
71,35.6
60,56.9
73,42
60,55.7
23,52.5
21,50.9
27,64.6
23,52.1
18,26.5
72,36.9
24,54.4
56,57.5
38,63.8
66,40.7
48,64.3
66,39.7
62,56
23,50.8
46,62.6
54,62.1
22,47.2
19,22.7
43,65.7
73,42.3
23,52.5
46,61.8
56,58.9
33,65.4
24,50.9
37,63.7
61,59.3
27,64.7
43,65.3
61,56.4
58,60.3
28,62.1
59,55.2
62,58.3
38,61
23,51.6
44,63.2
18,26.5
44,65.3
59,60.3
71,40
15,23.1
53,63.4
40,65
27,64.8
63,59
24,51.7
17,25.2
38,64.3
53,63.5
20,51.2
67,38.5
60,58.4
71,39.5
58,59.2
17,27.5
64,59.6
24,50.8
62,59.1
55,57.4
63,58.2
58,56.1
17,26.3
69,38.9
42,65.6
23,52.6
45,62.8
62,58.3
63,56.4
22,54
33,64.8
16,24.9
62,59.3
21,51.4
26,65.1
51,63.1
59,58.7
61,56.4
63,60.3
22,53.7
22,51.2
56,57.3
59,59.2
15,25.3
29,64.7
40,62.9
52,63.9
64,56.6
23,52.5
25,64.3
20,53.3
34,64.1
28,63.8
72,37.6
62,59.1
24,55.1
41,66.5
39,64.4
24,52.1
39,65.1
21,52
36,62.9
67,36.1
23,49.1
28,65.1
16,25.5
29,65.2
49,63.1
15,27.5
58,58.8
29,63.3
19,25.2
21,53.9
58,58.2
18,22.9
27,66.4
62,58.1
22,53.8
22,49.6
17,26
24,51.2
21,50
43,64.2
23,51.1
23,55.7
67,41.3
49,64.1
29,65.9
64,54.9
60,60
45,63
22,52.8
41,63.2
17,24.2
24,51
65,37.6
29,60.9
51,62.4
18,24.8
18,25.1
16,23.1
23,53.4
20,53.7
43,65
53,65.1
33,65.3
21,52.6
34,65
26,64
22,49.3
22,52.3
39,64.7
37,65.2
16,24.4
43,62.3
52,62.2
36,64.4
39,63.7
63,57.6
20,54.4
23,53
24,53.1
47,63.7
70,37.6
21,50.9
70,36.1
19,24.8
66,39.8
74,37.2
47,65.8
59,56.9
66,39.9
64,57.6
56,58.5
26,65
18,25.5
41,65.8
57,57.1
26,66.6
18,26.3
22,51.6
23,53.1
69,36.9
40,61.1
15,25.9
56,58.7
34,63.1
49,64.3
20,49.9
52,61.5
28,61.1
22,51.9
57,58.4
72,38.7
43,64.5
71,39
23,50.4
41,65
16,24.3
68,39.7
18,25.8
17,23.7
22,54.7
70,38.9
57,58.8
63,59.2
39,66.2
57,59.8
22,53.1
52,65.3
66,36.3
35,65.2
24,49.5
62,58
25,63.7
57,56.9
66,40
63,58.4
66,38.1
42,62.9
25,62.7
72,39.9
36,65.1
24,54.2
40,61.6
66,38.9
56,58.3
21,51.5
51,64.3
29,63.6
24,50.6
20,51.6
16,26.6
62,57.4
40,63.1
71,37.6
39,64.8
61,62.3
48,64.1
60,60
67,41.1
39,64.7
55,59
46,64.1
22,51.3
17,24.1
23,50.7
63,58.6
18,25.9
41,61.9
65,37.3
16,26.6
59,60.5
36,61.6
39,66.7
21,50.4
44,63.8
29,62.1
28,64.7
19,25.1
29,62.8
42,64.9
53,60.5
18,26.1
17,25.6
21,51.7
48,65.3
58,59.2
25,64.4
49,65.5
22,50.8
56,57.3
42,64.2
20,53.3
68,39.1
18,24.4
56,59.6
60,55
16,23.1
22,54.5
27,66.4
67,41.2
16,25
58,57.9
32,62.9
59,56
68,39.5
30,64.3
21,51.3
38,62
43,63.9
21,51
50,65.9
47,65.3
20,54.4
57,56.9
43,65
73,37.4
73,38
22,52.5
57,56.1
47,65.1
17,27.3
17,24.8
47,62.4
46,65.3
24,50.5
66,37.5
56,56.6
23,54.6
24,52.8
36,62.9
55,58.6
52,62.4
31,60.6
33,66.3
67,39.4
49,64.7
24,50.6
61,60
45,65.2
21,52.2
44,65.7
21,51.5
21,51.2
61,58.5
45,63.6
22,53
33,66.3
23,51.4
31,62.9
50,63.8
56,59.6
29,64.6
46,65
29,65.3
21,50.3
18,22.6
26,64.2
34,65.6
58,57.2
24,53.5
62,59.4
21,49.2
60,59.3
66,38.5
18,21.9
22,54.3
71,41
22,50.8
24,52.6
29,66
34,63.3
18,27.2
21,51.7
36,65.6
36,64.4
57,58.6
58,59.1
43,64
28,61.4
69,39.4
47,65.2
71,41.1
32,63.7
56,56.3
67,36.8
50,63.7
23,51.8
23,52.9
22,52.4
20,51.9
69,38.1
33,63.3
67,38.3
29,64.5
22,50.8
15,25.1
53,63.6
35,63.2
24,54.3
72,43.5
24,50.3
56,59.7
51,63
55,58
23,53.8
36,66.6
49,64
60,57.1
24,51.2
21,51.7
41,66.3
63,59.9
63,56.8
55,57.6
50,63.6
58,59.3
20,52.2
64,58.1
23,50.6
33,63.3
58,60.3
73,40.5
48,64.6
30,62.7
16,23.1
59,59.5
36,63.8
73,38.6
19,26.6
44,64.7
21,52.6
67,39
54,64
23,51.3
23,54.9
49,63.1
29,66.2
17,25
27,65.6
20,53.4
69,42.9
57,56.5
40,62.7
15,24.8
24,51.8
73,38.4
33,65.5
73,36.3
50,63.7
48,65.6
61,57.5
16,25.5
17,22.5
52,64.3
59,58.2
59,56
54,63.1
56,55.6
17,26
22,48.6
61,59.3
34,63
15,25.6
16,27.8
22,52.2
23,52.7
56,57.5
17,26.6
34,61.4
48,63.1
64,55.1
21,51.4
62,54.9
20,51.6
16,24.6
62,57.8
56,58.5
70,40.5
49,64.1
44,59.8
15,23.8
37,64
62,57.3
57,58.7
20,50.4
58,58.2
23,52.7
69,36.5
60,58.8
16,25.3
70,37.5
49,62.8
22,52.6
23,50.5
23,53.8
35,65.1
41,63.6
33,62.5
37,62.9
56,57.4
24,53.2
59,61.7
24,52.1
17,26.1
63,58.4
47,64.8
46,62.7
24,50.8
29,64
35,62.6
23,50.2
16,26.6
57,56.3
56,58.8
43,61.1
19,25.8
27,64.2
72,40.1
62,57.8
28,64.1
53,62.3
23,51.1
62,58.7
60,58.1
22,54.9
42,63.2
21,53.2
27,64.7
32,63.7
22,52.7
60,57.8
22,51.6
54,64.9
27,61.2
32,63.7
26,63.6
73,39.9
32,66.1
62,58.2
28,63.3
22,53.4
61,57.8
59,59.8
16,22.8
63,58.6
67,37.7
17,24.9
67,38.8
49,64.3
21,51.1
23,54.6
58,57.3
18,27.1
62,58.5
60,60.2
17,27.5
60,58.2
46,61.9
37,63.3
32,65
23,53.6
23,52.1
45,65.9
50,63.6
20,51.5
58,59.4
15,26
36,63.3
16,26.3
23,51.5
59,57.4
27,63.3
61,58.2
57,57.3
59,59
63,59.8
60,57.2
59,58.4
72,39.6
66,38.5
20,52.2
56,57.7
32,63.7
61,56.2
17,23.7
23,49.4
23,53.5
62,54.9
17,27.3
21,55.3
22,52.2
58,58
22,52.4
73,38.2
21,51.8
19,25.1
49,63.5
21,51.5
57,59.9
24,51.9
21,53
21,52.5
59,57.6
23,52.4
39,65.8
63,56.3
53,61.4
34,62.7
24,51.1
64,58.8
21,52.2
47,64.6
56,60
24,50.7
47,63.9
57,58.5
46,60.5
18,24.1
17,25.9
68,39.4
31,64.2
40,63.8
24,49.3
23,53.5
29,64.3
59,53.2
32,67.4
55,56.7
19,24.5
28,61.6
19,22.4
55,59.5
39,63.3
60,58.9
40,65
41,62.2
72,39.5
72,39.5
20,52.2
27,62.4
44,62.8
60,58.2
39,62.4
72,40
66,38.4
47,64.1
51,65.8
21,50.7
21,53.4
18,27
48,62.5
51,66.5
37,63.2
35,64.8
21,51.9
21,49.7
36,63.3
22,53.2
57,57.5
39,64
20,50.3
71,38.7
22,53.8
38,66.5
21,53.2
40,61.2
40,62.8
51,62.9
22,50.8
54,64.7
71,41
29,64.2
20,52.9
21,51.2
27,63.4
16,24.5
68,38.6
70,38.9
23,53.2
61,57.8
24,52.5
16,24.1
20,50.8
18,23.2
49,65.1
33,63.5
53,60.6
57,61.4
50,63.9
31,60.9
61,58.2
24,51
42,64.1
68,35.5
43,62.8
20,51.6
22,52.6
18,27.2
22,50.9
46,65.7
60,59.1
54,63.8
47,64.2
15,26.1
24,51.8
21,51.2
70,37.7
66,39
58,55.5
44,63.8
47,65
22,51.4
21,50.5
24,55
60,55.1
20,53.1
47,63.7
46,63.6
66,39.6
22,51.9
71,36.6
23,53.3
28,65
45,63.7
31,63.2
21,51.3
18,26.3
52,62.5
59,59.1
22,53.2
22,52.6
56,57.7
62,58.8
65,39.2
51,64.8
52,65.5
70,38.5
21,53.7
58,60.1
68,41.5
57,57.6
58,58.6
68,37.5
67,40.8
22,51.1
26,67.8
18,26.9
20,49.8
17,26.6
68,39.5
70,39.2
23,53.2
41,63.8
23,50.6
41,64
70,37
42,65.5
36,66.5
23,51.9
70,37.3
45,63.8
22,52.3
38,64
49,64.4
32,64.7
66,38.4
48,66.1
36,62.7
21,49.6
22,53.2
57,58
33,63.6
71,38.1
23,51.8
27,64.3
16,24.6
63,58.6
19,25
38,65.7
34,64.7
17,24.6
53,64.3
23,53.1
19,22.4
73,38.6
62,58.1
32,65.5
22,51.8
17,23.4
39,66.7
36,60.9
56,54.8
45,64.7
23,49.8
43,65.3
63,59.5
63,56.6
58,58.9
73,38.4
22,52.5
57,55.1
56,58.1
24,50.5
35,62.5
70,40.2
33,64.2
54,65.6
18,22
46,64.8
30,63.3
61,61.5
68,37.2
22,54.3
22,52.4
20,52.7
49,66.8
63,57
17,24.2
22,50.3
25,64.1
57,57.9
60,59.5
30,64.7
37,64.5
18,24.6
66,39.1
43,64.2
63,58.3
32,65.2
62,56.8
49,61.7
49,64.9
21,51.3
32,64.5
66,37.5
22,49.1
24,49.8
63,55.9
49,63.4
60,58.4
54,61.7
32,64.6
22,48.4
21,51.9
70,36.1
27,65.2
61,57.4
19,22.7
16,25.2
44,61.4
37,61.3
18,24.2
53,64.9
18,26.2
68,39.7
63,58.4
17,24
44,64.6
23,53.4
38,62.5
18,27.1
71,37.1
57,57.2
56,57.3
35,66.7
40,64
49,62.1
15,28.1
21,54.2
66,38.6
20,51.9
18,23.1
71,40.7
58,59.4
54,63.6
16,23.2
59,61.9
17,24.8
16,23.6
22,52.3
16,22.1
58,58.6
42,65.4
21,49.4
56,57.8
36,63
36,65.9
24,52.3
25,64.8
33,64.6
63,59.4
21,53.1
18,25.6
66,36.4
53,62.3
41,64
21,55.6
64,57.2
17,25.6
23,51.5
39,64.2
16,25.8
57,57.7
18,26.5
40,64.6
23,54.2
57,55.6
26,67.1
23,50.4
62,57.6
26,63.4
56,56.3
36,63.7
32,63.9
63,60.4
37,65.6
60,57.9
23,52
61,56.7
35,63.9
36,64.7
39,66.5
23,52.1
36,62.6
51,61.3
55,56.8
20,51.4
52,61.7
67,37.5
61,57.9
47,65.3
22,51.4
58,58
23,53.2
58,59.9
21,56.8
23,53.2
21,49.3
42,64.7
22,52.7
71,36.9
60,58.8
29,61
20,51.1
69,40.3
19,22.8
48,65.2
73,40.4
69,40.8
63,57.8
30,63
69,39.4
52,63.6
23,53.2
20,54.8
30,68.2
24,52.3
19,23.3
62,57.6
20,51.2
24,52.2
17,25.3
60,59
21,55.3
51,66.3
52,63.8
34,64.3
50,64
23,50.9
36,63.7
74,37.4
44,67.2
55,55.3
39,62.7
73,37.5
20,53.1
27,62.9
62,58
44,63.7
69,38.5
45,65.1
59,55.7
16,22.4
22,52.9
59,55
67,38.9
56,57.1
58,57.4
62,57
64,57.7
22,51.2
28,67.1
73,37.9
47,64.5
58,59.5
38,68
47,63.4
61,57.6
44,65.1
18,25.9
65,36.6
36,64.1
56,55.9
21,51.5
56,59.1
15,25
41,64.9
45,65.4
46,65.4
61,58.7
68,34.9
22,50.5
21,52.9
70,38.9
30,62.1
63,58.5
27,62
57,59.1
18,25.4
24,51.4
22,51.1
24,49.4
23,52.6
18,24.3
72,37.5
29,65.5
28,66
41,63.3
65,41.1
21,54.6
31,63.8
40,63.8
68,40.1
17,25
56,58.8
61,56.4
59,60.1
16,26.1
16,26.7
34,64.9
35,64.5
61,57.6
57,58.2
73,39.9
31,64.3
62,56.6
21,50.9
56,55.3
21,51.3
21,51.1
64,59.3
37,64.4
22,47.7
21,52.8
20,53.5
68,41.8
30,68.3
44,62.4
18,22.1
57,58.2
19,22.5
60,58.5
21,53.8
31,63.8
31,61.3
24,53.4
21,51.3
22,51.3
23,52.1
18,24.9
58,60
32,64.1
23,52.8
56,57.3
33,66
59,58.7
65,38.5
72,39.3
62,57.4
31,62.5
24,52.2
55,58
24,50.5
28,63.8
40,63.6
36,64.1
69,41.1
22,50.9
63,59.1
20,51.8
34,65.5
61,59.7
22,54.3
43,62.6
33,63.5
58,60
31,65.6
17,25.7
60,57.9
23,51.9
23,51.6
24,53.4
21,51.9
21,53
17,22.3
51,64.3
35,63.3
52,66.6
56,60.2
61,60.5
46,64.4
48,65.4
56,54.2
21,51.8
22,52.4
68,38.1
21,53.2
24,52.4
21,55.8
60,59.9
21,52.4
63,59.3
37,60.4
64,57.6
28,66.7
56,56.6
20,50.1
23,49.8
71,38.4
20,49.6
29,61
72,37.6
67,40.4
21,51.3
23,52.5
21,50.9
23,53.2
24,50.8
22,55.8
52,63
72,40.3
18,23.7
16,25.7
21,52
72,38.7
58,57.1
19,23.1
56,59.7
36,66.1
52,60.1
26,65.1
60,56.2
26,65.1
62,58.2
16,27.7
17,24.4
63,56.2
58,58.7
55,58.5
66,38.7
21,53.2
27,64
18,23.3
62,58.2
18,24.1
58,58.3
57,57.1
21,50.9
34,66.8
20,52.5
62,57.8
57,59.5
70,39.9
50,64.1
56,57.4
49,65.1
47,64.2
58,60.4
58,54.5
23,51.2
40,65
56,56.9
23,52.5
69,38.6
56,56
20,53.4
38,64
35,64.1
34,63.8
46,65.7
62,55.7
35,61.4
18,25.6
45,62.6
56,60.2
61,60
66,43.5
57,59.1
24,54
73,40.3
62,56.7
53,65.7
68,37.9
58,56.9
53,66.3
59,58.8
72,40.5
22,54.4
44,63.1
51,65.3
36,60.5
45,63.7
24,53.3
44,63.4
39,62.6
70,40.2
21,52.7
33,64.3
25,64.6
21,53.1
51,64.4
66,40.7
46,64.8
21,51.2
42,64.3
16,23.5
19,23.9
40,64.1
59,56.2
15,24.2
62,61.1
21,52.8
19,24.7
56,57.7
23,52.9
36,62.3
50,61.3
21,52.2
43,64.4
22,51.8
22,51.1
20,49.9
16,26.5
48,62.2
18,25.3
60,58.3
43,66.5
31,64.6
33,62.8
66,39
47,62.5
62,58.1
57,57.6
73,40.6
29,64.6
50,63.8
27,67.2
30,65.7
65,38.6
51,63.5
23,53.3
23,51.3
19,25.9
35,61
62,56.7
16,22.7
18,24.2
66,42.7
17,23.9
20,51.3
49,63.6
18,26.7
44,67.3
22,50.7
16,25.5
19,27.3
18,24.9
43,65.1
59,56.3
35,64.9
64,56.3
48,64.3
62,61.7
22,52
21,54.9
16,28.8
53,65.5
35,63.8
31,63.8
24,53.3
33,64
20,51.7
21,51.9
53,65.1
33,62.2
28,62.4
21,52.2
18,23.6
45,63.2
66,39.6
47,66.4
16,24.6
25,62.2
73,38.8
58,57.3
30,64.3
39,60.5
61,59.1
23,54.2
67,39.2
21,52.2
60,58.2
69,39
51,64.4
46,63.4
60,59.3
63,60.3
71,40.6
33,63.9
62,56.1
29,63.1
24,53.1
47,64.8
70,40.1
21,50.1
29,64
70,39.4
66,39.9
63,59
36,61.3
22,52.9
22,52.3
32,64.9
21,52.2
36,61.7
61,58.8
32,63.7
35,66.3
20,51.3
33,63.8
16,23.8
60,60.5
61,59.6
20,51.6
24,53
57,58.1
25,61.4
23,51.2
27,64.8
20,50.7
20,49.4
21,52.1
47,65.9
28,63.6
61,58.4
52,64
22,50.8
52,65.3
19,23.4
28,65.5
22,52
16,25.8
37,64.1
60,59.8
72,39.5
67,36.3
17,24.4
60,56.4
21,51.9
73,37.7
43,65.5
17,28.1
67,39.8
24,52.3
22,52.7
73,39.2
52,63.9
19,26.9
51,62.9
16,24.6
45,63.5
37,62.2
55,59.3
64,55
21,53.9
23,51.1
29,65.9
47,63.8
20,51.6
61,57.2
19,26.6
70,39.8
57,58
42,63.9
16,25.3
31,64.7
18,24
55,58.7
65,39.3
66,38.1
26,64.1
18,27
47,65.8
24,51.9
27,63.6
20,51.8
64,55.6
23,51.6
31,59.1
56,56.9
18,25.6
74,37.7
22,50.8
16,23.8
46,63.8
17,29.1
53,64.3
22,50.2
31,64.7
62,56.7
19,21.9
72,41.7
23,51.8
60,58.6
28,62.1
71,37.9
37,62.6
15,26
58,58.3
63,58.3
68,38.1
18,26.3
39,62.7
24,50.9
45,63.2
57,58
45,64.9
67,40.4
20,48.6
58,58
47,63.6
22,56.4
52,63.3
22,52.8
24,51.7
70,38.3
55,57
72,39.1
63,57.6
59,58.2
37,65.4
71,38
40,65.3
23,53.5
74,37.1
25,64.2
15,24.8
16,25.5
34,63.7
62,54.4
57,57.6
18,22.9
52,61.7
20,51.8
48,61.7
53,61.3
45,67.8
52,66.2
48,65.3
65,38
44,62.6
56,55.8
52,63.2
26,65.1
16,25.2
59,59
61,57.6
23,52.1
66,41.5
57,59
24,50.1
24,50.7
21,49.8
20,53.5
19,23
50,64.8
61,61.1
24,53.7
15,23.5
40,62.7
42,64.5
62,56.1
60,59.7
17,24.3
23,53
60,57.1
37,61.9
38,63
40,63
48,62.8
67,36.8
72,37.6
22,51.2
22,52.4
22,52
33,65
48,64.9
56,58.3
48,62.4
18,26
63,58.4
21,51.2
50,63.9
18,28.4
51,64.7
45,61.1
68,41.9
44,63.8
18,22.1
15,25
28,61
59,54.2
57,58.5
26,63.4
67,41.3
51,65.5
27,62.1
40,65.1
57,53.9
26,63.8
21,54.4
70,38.1
16,24.5
32,62.9
59,62.8
62,55.4
38,62.7
17,24.5
22,54.4
23,54.4
22,52.8
17,23.9
21,51.9
57,59.4
63,54.4
23,54.2
57,59.4
45,64.1
40,62.3
17,23.7
44,67.1
20,52.9
54,63.3
21,53.1
62,61.8
29,63
23,50.3
22,54.4
37,66.3
65,39.1
66,39.1
41,68
18,28.2
21,52.2
61,57.7
18,25.6
21,52.8
63,59.4
71,39.2
40,63.5
57,54.9
68,35.8
27,63.6
16,22.6
67,37.4
45,65.1
56,57.2
21,54.9
29,66.8
64,60.2
62,58
44,64.5
56,57.4
67,37.5
46,65.5
21,50.1
15,24.1
58,60.1
23,49.1
52,67.1
54,62.6
55,57
53,66.7
17,24.5
18,24.7
62,56.9
60,59.9
47,65.9
19,23.8
34,66.8
17,24.6
45,64.2
41,61.1
15,24.9
19,23.6
74,38.2
60,55.6
20,53
38,65.4
68,39.4
40,65.1
55,60.7
50,65.6
49,63.5
28,63.3
30,62
70,40.4
49,63.3
21,51.3
61,56.3
63,56.7
64,58.3
23,50.5
15,24
16,25.8
22,55.5
31,64.3
31,64
22,52.7
23,53.6
49,65
56,56.8
70,38.9
41,62.5
58,58.6
41,63.3
57,58
15,24.5
71,38.9
56,59.2
63,59.1
55,57
42,63.5
58,53.1
24,51.5
24,52.8
16,24.1
59,59.1
67,38.4
23,52.5
61,57
21,51
51,64.3
21,52.1
61,59.7
30,65.1
74,38.2
22,52.8
22,52.1
40,65.3
30,61.9
23,53.9
51,64.6
24,52.1
22,52.4
42,62.6
31,63.9
62,57.5
40,63.2
66,37.5
21,53.5
52,62.6
37,64.2
58,58.3
26,63.7
18,23.8
47,65.6
57,58.7
68,40
23,50.7
56,57.4
37,64.1
21,50.5
64,59.7
61,55.6
59,61.2
17,22.4
43,62
15,22.3
20,53.7
23,55.7
15,25.9
44,61.7
29,62.8
22,53.3
23,53.7
62,57.9
63,58.7
59,58.4
59,60.2
43,63.9
61,60.3
62,56.6
20,52.8
58,58.6
24,51.9
60,60.4
36,61.6
29,64.7
48,66.7
68,38.7
70,38.7
41,65.4
71,38.4
40,64.9
21,53.8
61,58
45,64.1
26,65.2
55,56.1
37,63.7
21,49.6
61,55.3
24,51.7
24,52.1
67,41.8
58,59.3
21,51.8
29,62.8
18,25.5
32,62.8
31,63.2
21,49.3
50,65.6
32,64.2
50,62.4
50,62.3
43,64.9
57,57
43,63.3
22,53.3
60,55.4
66,38.5
36,66
59,55.7
63,57.9
16,26.5
63,59.7
68,40.6
66,38.5
57,57.3
64,56
15,23
23,51.5
46,64.8
60,58.2
22,54.1
49,62.5
64,56.7
40,63.8
24,53.1
70,37.9
64,56.5
61,56
72,38.4
45,62.1
23,53.6
27,64.9
59,58.1
46,66.2
71,40.7
21,54.9
18,25
44,65.1
46,62.9
62,60.6
31,61.8
18,25
57,56.3
54,66.4
23,54.1
30,62.3
29,62.4
59,59.5
43,66.4
58,59.3
57,58.4
50,65.4
24,53.2
37,65.6
32,63.4
62,58
60,62.1
18,23.7
23,51.4
44,61.7
27,64.7
22,50.7
17,26.7
21,51
69,39.4
22,54.1
24,51.7
17,24.4
55,58.6
22,49
16,21.7
20,51.2
23,49.3
50,62.8
24,52.5
48,63.9
57,58.8
26,64.5
21,50.2
15,24.3
46,63.2
16,26.1
23,52.3
22,52.9
15,26.8
23,50.7
56,59.4
22,55
33,62.5
40,63.5
22,52.2
23,51.7
62,57.1
45,63.7
56,57.6
50,64.2
63,57.5
18,26.7
56,57.6
53,63.4
20,51.8
64,59
44,63.5
51,63.6
17,24.8
33,65.5
69,38.7
72,41.4
16,25.2
23,55
36,66
61,58.5
22,51
22,52.2
58,58.8
18,26.4
21,53.3
43,63.5
17,22.6
61,57.4
21,51.8
47,63.4
73,40.3
23,52.5
73,38.3
21,51.7
72,36.2
56,59.5
66,38.8
73,38.2
41,63
38,64
23,52.8
63,58.1
44,63.9
22,53.1
62,57.8
33,63.1
74,41.5
60,56.2
50,64.8
63,60.5
21,51.8
23,52.3
42,65
58,60.8
23,52.3
57,59.4
41,64
23,48.3
68,38.5
67,40.6
22,53.4
58,58.9
20,48.8
59,58
32,66
47,65
71,39.5
23,51.2
17,25.1
62,56
56,61.3
54,62.3
48,63.7
22,52.2
23,51.4
55,58.4
52,63.5
64,58.8
63,58
71,37.1
59,61.5
28,64.4
22,51.9
30,65.3
48,65.4
30,63.4
20,52.5
38,64.2
21,50.9
44,65.5
39,65.3
59,56
51,62.9
59,56.5
16,26.3
30,62.5
16,26.8
49,64.7
17,24.8
65,38.5
56,57.7
71,40.6
62,57.3
17,21.6
21,53
69,37.5
55,59.4
46,63.5
18,22.6
59,58.7
18,26.1
20,50.2
60,56.4
37,65
23,54.9
67,37.8
24,55.6
21,52
57,59.6
41,61.3
57,56.1
21,54.6
63,56.8
60,55.9
66,38.1
39,61.3
67,40.6
40,64.3
59,57.8
23,47.5
22,50.9
60,55.3
45,64.9
23,53.8
53,63.7
71,40.5
21,50.4
58,64.1
48,65.3
23,51.7
21,49.1
32,63.4
36,62
23,52.9
23,51.2
38,64
63,58.6
35,64.1
59,58.1
32,65.3
73,37.5
21,52
63,58.6
22,52.3
43,64.3
36,63.5
55,56.9
40,64.6
